"","pairs","Df","SumsOfSqs","F.Model","R2","p.value","p.adjusted","sig"
"1","Xestospongia testudinaria vs Petrosia (Strongylophora) corticata",1,2.88367974180881,15.9609525506192,0.399413715936856,0.001,0.21,""
"2","Xestospongia testudinaria vs Xestospongia vansoesti",1,2.57650563672897,10.0683499865855,0.271615812147805,0.001,0.21,""
"3","Xestospongia testudinaria vs Petrosia (Petrosia) nova spec Lanyu",1,3.08609339184102,17.5722716342914,0.403290234252143,0.001,0.21,""
"4","Xestospongia testudinaria vs Petrosia (Petrosia) elephantotus",1,1.64643346364015,8.83264449007078,0.296073132001776,0.003,0.63,""
"5","Xestospongia testudinaria vs Xestospongia nova spec Lanyu",1,4.34225532516686,28.2469032280939,0.511284824625789,0.001,0.21,""
"6","Xestospongia testudinaria vs Acanthostrongylophora ingens",1,2.03725818252646,11.0422047460316,0.269045116225129,0.001,0.21,""
"7","Xestospongia testudinaria vs Neopetrosia carbonaria",1,3.59279240385424,20.9798895398981,0.456284035256179,0.001,0.21,""
"8","Xestospongia testudinaria vs Neopetrosia rosariensis",1,0.961108820983576,4.93351634097836,0.190237076843404,0.001,0.21,""
"9","Xestospongia testudinaria vs Petrosia (Petrosia) weinbergi",1,4.22225426331395,22.7198824278191,0.44794824712286,0.001,0.21,""
"10","Xestospongia testudinaria vs Neopetrosia proxima",1,1.5823518848386,8.55291507769544,0.2710657654494,0.001,0.21,""
"11","Xestospongia testudinaria vs Petrosia (Petrosia) nigricans",1,1.68102233877597,8.34584920329672,0.284396241031565,0.001,0.21,""
"12","Xestospongia testudinaria vs Petrosia (Petrosia) aff. elephantotus",1,4.01600062687622,22.2859431818804,0.426232020035617,0.001,0.21,""
"13","Xestospongia testudinaria vs Xestospongia muta",1,3.30720642953765,17.1987651692507,0.285699633886108,0.001,0.21,""
"14","Xestospongia testudinaria vs Petrosia (Petrosia) nova spec Curacao",1,1.37626902255202,7.11197524550863,0.252987390014328,0.002,0.42,""
"15","Xestospongia testudinaria vs Neopetrosia eurystomata",1,3.37496726921938,20.826307781807,0.401848186243316,0.001,0.21,""
"16","Xestospongia testudinaria vs Neopetrosia chaliniformis",1,1.23850327640631,6.30250552491947,0.222683660263587,0.002,0.42,""
"17","Xestospongia testudinaria vs Xestospongia mamillata",1,1.10552646383858,5.39150199600267,0.204289319979563,0.001,0.21,""
"18","Xestospongia testudinaria vs Xestospongia viridenigra",1,3.21497156267697,18.7369189484485,0.438424655063459,0.001,0.21,""
"19","Xestospongia testudinaria vs Petrosia (Petrosia) lignosa",1,1.32675057033245,6.88998042204317,0.247041421965201,0.002,0.42,""
"20","Xestospongia testudinaria vs Neopetrosia ovata",1,2.43295470964637,13.1948920518794,0.364551219906021,0.001,0.21,""
"21","Petrosia (Strongylophora) corticata vs Xestospongia vansoesti",1,1.94847456925599,7.33723718184193,0.360778463477476,0.001,0.21,""
"22","Petrosia (Strongylophora) corticata vs Petrosia (Petrosia) nova spec Lanyu",1,2.5924536868136,28.0484634309218,0.700363035882803,0.001,0.21,""
"23","Petrosia (Strongylophora) corticata vs Petrosia (Petrosia) elephantotus",1,1.69671232529338,25.9660654588428,0.787660434978529,0.015,1,""
"24","Petrosia (Strongylophora) corticata vs Xestospongia nova spec Lanyu",1,3.00042279332454,56.2434789096155,0.812256688937176,0.001,0.21,""
"25","Petrosia (Strongylophora) corticata vs Acanthostrongylophora ingens",1,2.83222374011435,21.8087886032113,0.576817967697567,0.001,0.21,""
"26","Petrosia (Strongylophora) corticata vs Neopetrosia carbonaria",1,2.67538876749437,35.7077734350919,0.764493162679092,0.002,0.42,""
"27","Petrosia (Strongylophora) corticata vs Neopetrosia rosariensis",1,1.54450203877781,17.0531029204492,0.708977256566394,0.011,1,""
"28","Petrosia (Strongylophora) corticata vs Petrosia (Petrosia) weinbergi",1,2.80951777983108,22.5218858890629,0.616668207043696,0.001,0.21,""
"29","Petrosia (Strongylophora) corticata vs Neopetrosia proxima",1,2.0719985327699,23.3653403098563,0.72192475302788,0.003,0.63,""
"30","Petrosia (Strongylophora) corticata vs Petrosia (Petrosia) nigricans",1,1.54392406835212,13.9855464791972,0.666437087690852,0.01,1,""
"31","Petrosia (Strongylophora) corticata vs Petrosia (Petrosia) aff. elephantotus",1,2.87595044786447,23.6092197658199,0.596053643707294,0.001,0.21,""
"32","Petrosia (Strongylophora) corticata vs Xestospongia muta",1,3.1540648521009,19.0100812291513,0.395960197159769,0.001,0.21,""
"33","Petrosia (Strongylophora) corticata vs Petrosia (Petrosia) nova spec Curacao",1,1.57097279108775,18.1245092992719,0.721387593420467,0.012,1,""
"34","Petrosia (Strongylophora) corticata vs Neopetrosia eurystomata",1,3.1255281076337,33.9171438842257,0.666124242187381,0.001,0.21,""
"35","Petrosia (Strongylophora) corticata vs Neopetrosia chaliniformis",1,1.78756162714758,16.5104297535318,0.673608334066552,0.005,1,""
"36","Petrosia (Strongylophora) corticata vs Xestospongia mamillata",1,1.43255529630611,11.8116555467942,0.627890273528162,0.012,1,""
"37","Petrosia (Strongylophora) corticata vs Xestospongia viridenigra",1,2.52117224920569,38.1433529175041,0.792287005495121,0.004,0.84,""
"38","Petrosia (Strongylophora) corticata vs Petrosia (Petrosia) lignosa",1,1.55146128735605,18.5092854815061,0.725590118740295,0.013,1,""
"39","Petrosia (Strongylophora) corticata vs Neopetrosia ovata",1,2.12539619528434,24.4043876370695,0.730574315632341,0.003,0.63,""
"40","Xestospongia vansoesti vs Petrosia (Petrosia) nova spec Lanyu",1,2.26352301446034,9.22037844982545,0.380686803425728,0.001,0.21,""
"41","Xestospongia vansoesti vs Petrosia (Petrosia) elephantotus",1,1.38844652039413,4.58136055138349,0.314192940723135,0.002,0.42,""
"42","Xestospongia vansoesti vs Xestospongia nova spec Lanyu",1,2.66568724833666,13.0560958129114,0.449341022860676,0.001,0.21,""
"43","Xestospongia vansoesti vs Acanthostrongylophora ingens",1,2.42106889607598,9.89020673886036,0.342337693470258,0.001,0.21,""
"44","Xestospongia vansoesti vs Neopetrosia carbonaria",1,2.2737861639588,9.36979146595459,0.400936032296421,0.001,0.21,""
"45","Xestospongia vansoesti vs Neopetrosia rosariensis",1,1.22513502152524,3.81991727197057,0.276406667044099,0.007,1,""
"46","Xestospongia vansoesti vs Petrosia (Petrosia) weinbergi",1,2.26450826948909,8.91191172009663,0.343931077581774,0.001,0.21,""
"47","Xestospongia vansoesti vs Neopetrosia proxima",1,1.71287392684336,6.09682497583884,0.33690025648028,0.003,0.63,""
"48","Xestospongia vansoesti vs Petrosia (Petrosia) nigricans",1,1.15371652066909,3.44804904694321,0.256397715007365,0.005,1,""
"49","Xestospongia vansoesti vs Petrosia (Petrosia) aff. elephantotus",1,2.51133851608634,10.5512039759536,0.357048192843153,0.001,0.21,""
"50","Xestospongia vansoesti vs Xestospongia muta",1,2.87670505986314,12.4654369740224,0.280339918424842,0.001,0.21,""
"51","Xestospongia vansoesti vs Petrosia (Petrosia) nova spec Curacao",1,1.24584683518869,3.91778799199732,0.281495018766634,0.008,1,""
"52","Xestospongia vansoesti vs Neopetrosia eurystomata",1,2.77945036728949,13.4278806146099,0.401697037554369,0.001,0.21,""
"53","Xestospongia vansoesti vs Neopetrosia chaliniformis",1,1.3721998280615,4.38863005194376,0.285186532987673,0.004,0.84,""
"54","Xestospongia vansoesti vs Xestospongia mamillata",1,1.0151412803884,2.9663233988823,0.228771356970627,0.008,1,""
"55","Xestospongia vansoesti vs Xestospongia viridenigra",1,2.10680877899761,8.46837561064804,0.394458144585836,0.001,0.21,""
"56","Xestospongia vansoesti vs Petrosia (Petrosia) lignosa",1,1.27989537535741,4.05032350947635,0.288272615697751,0.006,1,""
"57","Xestospongia vansoesti vs Neopetrosia ovata",1,1.75365748503389,6.26855706682301,0.343133671909269,0.001,0.21,""
"58","Petrosia (Petrosia) nova spec Lanyu vs Petrosia (Petrosia) elephantotus",1,1.80831101543376,23.6725051113363,0.724539028478802,0.007,1,""
"59","Petrosia (Petrosia) nova spec Lanyu vs Xestospongia nova spec Lanyu",1,3.48644210315597,56.6222758788431,0.790567950879219,0.001,0.21,""
"60","Petrosia (Petrosia) nova spec Lanyu vs Acanthostrongylophora ingens",1,2.9076731023279,22.6772938157506,0.557492686668595,0.001,0.21,""
"61","Petrosia (Petrosia) nova spec Lanyu vs Neopetrosia carbonaria",1,3.08704038569991,38.0659221731785,0.745427098018255,0.001,0.21,""
"62","Petrosia (Petrosia) nova spec Lanyu vs Neopetrosia rosariensis",1,1.5483329064709,16.1268842161363,0.641817906168396,0.005,1,""
"63","Petrosia (Petrosia) nova spec Lanyu vs Petrosia (Petrosia) weinbergi",1,3.28264068713162,26.5728324195593,0.624173467193385,0.001,0.21,""
"64","Petrosia (Petrosia) nova spec Lanyu vs Neopetrosia proxima",1,2.03377648875065,21.7579992578254,0.664204156260481,0.003,0.63,""
"65","Petrosia (Petrosia) nova spec Lanyu vs Petrosia (Petrosia) nigricans",1,1.6712002021948,14.9980029594115,0.624968793644122,0.008,1,""
"66","Petrosia (Petrosia) nova spec Lanyu vs Petrosia (Petrosia) aff. elephantotus",1,3.36702443245343,27.8122274963202,0.607091796585402,0.001,0.21,""
"67","Petrosia (Petrosia) nova spec Lanyu vs Xestospongia muta",1,3.3101303435819,20.3533064778935,0.396338772979597,0.001,0.21,""
"68","Petrosia (Petrosia) nova spec Lanyu vs Petrosia (Petrosia) nova spec Curacao",1,1.61555032198843,17.3750219825482,0.65876805691555,0.007,1,""
"69","Petrosia (Petrosia) nova spec Lanyu vs Neopetrosia eurystomata",1,3.28559462632798,34.745448812703,0.646481694362384,0.001,0.21,""
"70","Petrosia (Petrosia) nova spec Lanyu vs Neopetrosia chaliniformis",1,1.73447493339618,15.8219952813012,0.612733257400855,0.001,0.21,""
"71","Petrosia (Petrosia) nova spec Lanyu vs Xestospongia mamillata",1,1.42315019629007,11.8697384374751,0.568753579400929,0.008,1,""
"72","Petrosia (Petrosia) nova spec Lanyu vs Xestospongia viridenigra",1,2.86882719290559,38.6345107751967,0.763007486074533,0.001,0.21,""
"73","Petrosia (Petrosia) nova spec Lanyu vs Petrosia (Petrosia) lignosa",1,1.57558338818664,17.3599147212562,0.658572491786457,0.007,1,""
"74","Petrosia (Petrosia) nova spec Lanyu vs Neopetrosia ovata",1,2.36065469293167,25.6109412288052,0.699543370620986,0.002,0.42,""
"75","Petrosia (Petrosia) elephantotus vs Xestospongia nova spec Lanyu",1,2.03677134601459,74.9150228344832,0.882235208020941,0.01,1,""
"76","Petrosia (Petrosia) elephantotus vs Acanthostrongylophora ingens",1,1.66486662129777,13.0678315402721,0.501301058359368,0.004,0.84,""
"77","Petrosia (Petrosia) elephantotus vs Neopetrosia carbonaria",1,1.7978535225989,35.7305267703379,0.817061430748043,0.008,1,""
"78","Petrosia (Petrosia) elephantotus vs Neopetrosia rosariensis",1,1.15936492705679,21.8380208704956,0.845189381181761,0.1,1,""
"79","Petrosia (Petrosia) elephantotus vs Petrosia (Petrosia) weinbergi",1,1.91130996303996,15.8697338644501,0.590617456224473,0.002,0.42,""
"80","Petrosia (Petrosia) elephantotus vs Neopetrosia proxima",1,1.39874558063683,22.2924972155752,0.787929642467299,0.018,1,""
"81","Petrosia (Petrosia) elephantotus vs Petrosia (Petrosia) nigricans",1,1.24426777539007,14.1746038403577,0.779912671817485,0.1,1,""
"82","Petrosia (Petrosia) elephantotus vs Petrosia (Petrosia) aff. elephantotus",1,1.18156695489803,10.0565368021316,0.436168575030828,0.005,1,""
"83","Petrosia (Petrosia) elephantotus vs Xestospongia muta",1,1.84471642737641,10.9256462628922,0.295882330267344,0.001,0.21,""
"84","Petrosia (Petrosia) elephantotus vs Petrosia (Petrosia) nova spec Curacao",1,1.28483894921925,27.764833482666,0.874074579922392,0.1,1,""
"85","Petrosia (Petrosia) elephantotus vs Neopetrosia eurystomata",1,1.85846263338492,22.7245957944207,0.618784095586236,0.004,0.84,""
"86","Petrosia (Petrosia) elephantotus vs Neopetrosia chaliniformis",1,1.31773067395663,14.8221116865025,0.74775644093436,0.026,1,""
"87","Petrosia (Petrosia) elephantotus vs Xestospongia mamillata",1,1.07405055586337,10.0531594262448,0.715366496694698,0.1,1,""
"88","Petrosia (Petrosia) elephantotus vs Xestospongia viridenigra",1,1.67354089196356,48.9464137747454,0.874880273323974,0.01,1,""
"89","Petrosia (Petrosia) elephantotus vs Petrosia (Petrosia) lignosa",1,1.11546055551938,27.0232851946236,0.871064589874795,0.1,1,""
"90","Petrosia (Petrosia) elephantotus vs Neopetrosia ovata",1,1.50575793669739,24.9447188935116,0.806105848928617,0.016,1,""
"91","Xestospongia nova spec Lanyu vs Acanthostrongylophora ingens",1,3.62816309260894,36.4286484810667,0.657216971355705,0.001,0.21,""
"92","Xestospongia nova spec Lanyu vs Neopetrosia carbonaria",1,3.29268742796699,72.1805349797754,0.837550323825612,0.001,0.21,""
"93","Xestospongia nova spec Lanyu vs Neopetrosia rosariensis",1,1.74701914613643,38.955578817444,0.795733188299333,0.005,1,""
"94","Xestospongia nova spec Lanyu vs Petrosia (Petrosia) weinbergi",1,3.73010002254111,40.6245933397496,0.704987072103581,0.001,0.21,""
"95","Xestospongia nova spec Lanyu vs Neopetrosia proxima",1,2.54293133132329,49.8143474536156,0.805870311758858,0.001,0.21,""
"96","Xestospongia nova spec Lanyu vs Petrosia (Petrosia) nigricans",1,1.79874097207912,30.6307764245615,0.753881149217839,0.004,0.84,""
"97","Xestospongia nova spec Lanyu vs Petrosia (Petrosia) aff. elephantotus",1,4.06769493375949,43.8252419491602,0.697573787055603,0.001,0.21,""
"98","Xestospongia nova spec Lanyu vs Xestospongia muta",1,4.86209182987181,33.6330059030253,0.512440432070398,0.001,0.21,""
"99","Xestospongia nova spec Lanyu vs Petrosia (Petrosia) nova spec Curacao",1,1.8800776122467,44.6351234290992,0.816967559101845,0.005,1,""
"100","Xestospongia nova spec Lanyu vs Neopetrosia eurystomata",1,4.36980970516443,63.2821908015044,0.759852619059119,0.001,0.21,""
"101","Xestospongia nova spec Lanyu vs Neopetrosia chaliniformis",1,2.06897465228122,33.4380994876546,0.752464661476895,0.003,0.63,""
"102","Xestospongia nova spec Lanyu vs Xestospongia mamillata",1,1.72387003033723,25.983195254811,0.722092495422207,0.005,1,""
"103","Xestospongia nova spec Lanyu vs Xestospongia viridenigra",1,3.09178179082124,84.5377562346167,0.866718279137672,0.001,0.21,""
"104","Xestospongia nova spec Lanyu vs Petrosia (Petrosia) lignosa",1,1.92819934703664,48.0586080469176,0.827760252331249,0.005,1,""
"105","Xestospongia nova spec Lanyu vs Neopetrosia ovata",1,2.70127314406211,54.1798694340973,0.818675979529549,0.001,0.21,""
"106","Acanthostrongylophora ingens vs Neopetrosia carbonaria",1,3.3494551901909,28.1468127812102,0.623450716612375,0.001,0.21,""
"107","Acanthostrongylophora ingens vs Neopetrosia rosariensis",1,0.9603422388797,6.8116378827057,0.34382002755319,0.002,0.42,""
"108","Acanthostrongylophora ingens vs Petrosia (Petrosia) weinbergi",1,3.73337139865509,25.3516736766571,0.559001942406942,0.001,0.21,""
"109","Acanthostrongylophora ingens vs Neopetrosia proxima",1,1.29152964450232,9.70138700843913,0.392746650425933,0.001,0.21,""
"110","Acanthostrongylophora ingens vs Petrosia (Petrosia) nigricans",1,1.66104745616879,10.9524403193562,0.457257806441769,0.001,0.21,""
"111","Acanthostrongylophora ingens vs Petrosia (Petrosia) aff. elephantotus",1,3.59764898114266,25.1435502283313,0.533340194078576,0.001,0.21,""
"112","Acanthostrongylophora ingens vs Xestospongia muta",1,3.10280022940837,18.0684498827784,0.340474423554661,0.001,0.21,""
"113","Acanthostrongylophora ingens vs Petrosia (Petrosia) nova spec Curacao",1,1.33614626810148,9.62024250590656,0.425293517670933,0.003,0.63,""
"114","Acanthostrongylophora ingens vs Neopetrosia eurystomata",1,2.63385442165565,21.9059090164481,0.487817961961853,0.001,0.21,""
"115","Acanthostrongylophora ingens vs Neopetrosia chaliniformis",1,0.926314353495523,6.28018962807714,0.309671149197859,0.001,0.21,""
"116","Acanthostrongylophora ingens vs Xestospongia mamillata",1,1.03029879379875,6.5406118999922,0.334718888715804,0.005,1,""
"117","Acanthostrongylophora ingens vs Xestospongia viridenigra",1,3.04092991446056,26.1614414595889,0.620506333604942,0.001,0.21,""
"118","Acanthostrongylophora ingens vs Petrosia (Petrosia) lignosa",1,1.31338429098474,9.56223433518075,0.423815930334106,0.005,1,""
"119","Acanthostrongylophora ingens vs Neopetrosia ovata",1,2.21137264812651,16.7305388315995,0.52726929474447,0.001,0.21,""
"120","Neopetrosia carbonaria vs Neopetrosia rosariensis",1,1.74313723913801,24.0796820592294,0.750620969832885,0.006,1,""
"121","Neopetrosia carbonaria vs Petrosia (Petrosia) weinbergi",1,3.20260644000723,28.3989907913206,0.654369843019486,0.002,0.42,""
"122","Neopetrosia carbonaria vs Neopetrosia proxima",1,2.41429633508153,32.483548768872,0.76461476760324,0.004,0.84,""
"123","Neopetrosia carbonaria vs Petrosia (Petrosia) nigricans",1,1.68615871111746,18.7901151304097,0.701382395668799,0.008,1,""
"124","Neopetrosia carbonaria vs Petrosia (Petrosia) aff. elephantotus",1,3.27901707501498,29.4289133592044,0.633848850424801,0.001,0.21,""
"125","Neopetrosia carbonaria vs Xestospongia muta",1,4.00250018609448,25.2434588932778,0.456949282304072,0.001,0.21,""
"126","Neopetrosia carbonaria vs Petrosia (Petrosia) nova spec Curacao",1,1.7525882234391,25.4058617629504,0.760521070919578,0.015,1,""
"127","Neopetrosia carbonaria vs Neopetrosia eurystomata",1,3.68192922466886,43.8407919374713,0.708929988830023,0.001,0.21,""
"128","Neopetrosia carbonaria vs Neopetrosia chaliniformis",1,1.98908119813074,22.0660044787026,0.71029425408826,0.005,1,""
"129","Neopetrosia carbonaria vs Xestospongia mamillata",1,1.58393522359826,15.9567474567885,0.666064852316458,0.009,1,""
"130","Neopetrosia carbonaria vs Xestospongia viridenigra",1,1.79401933125764,32.5590725477553,0.747469370750713,0.001,0.21,""
"131","Neopetrosia carbonaria vs Petrosia (Petrosia) lignosa",1,1.67277052265234,25.1602664063764,0.758747414693216,0.006,1,""
"132","Neopetrosia carbonaria vs Neopetrosia ovata",1,2.42098456750968,33.2120044833041,0.768582825083624,0.003,0.63,""
"133","Neopetrosia rosariensis vs Petrosia (Petrosia) weinbergi",1,1.73079591590431,12.6806798877938,0.535486309847466,0.003,0.63,""
"134","Neopetrosia rosariensis vs Neopetrosia proxima",1,0.774301931909507,8.40023042130308,0.583340000509724,0.016,1,""
"135","Neopetrosia rosariensis vs Petrosia (Petrosia) nigricans",1,1.17396225187374,8.89849345112745,0.6898862634496,0.1,1,""
"136","Neopetrosia rosariensis vs Petrosia (Petrosia) aff. elephantotus",1,1.60514710436327,12.2459234207546,0.485065379335155,0.002,0.42,""
"137","Neopetrosia rosariensis vs Xestospongia muta",1,0.969590481997381,5.52049885293368,0.175139958244026,0.001,0.21,""
"138","Neopetrosia rosariensis vs Petrosia (Petrosia) nova spec Curacao",1,0.966628780132794,10.690137361542,0.727708468508144,0.1,1,""
"139","Neopetrosia rosariensis vs Neopetrosia eurystomata",1,1.16566778110693,12.3487856837495,0.468666216043708,0.002,0.42,""
"140","Neopetrosia rosariensis vs Neopetrosia chaliniformis",1,0.770551988060636,6.20310308179072,0.553695082202101,0.027,1,""
"141","Neopetrosia rosariensis vs Xestospongia mamillata",1,0.856121947264545,5.67028883997716,0.58636188988855,0.1,1,""
"142","Neopetrosia rosariensis vs Xestospongia viridenigra",1,1.67615690720414,28.2095893320983,0.801190524150233,0.011,1,""
"143","Neopetrosia rosariensis vs Petrosia (Petrosia) lignosa",1,1.0170259623534,11.9055572850882,0.748515570482394,0.1,1,""
"144","Neopetrosia rosariensis vs Neopetrosia ovata",1,1.30337973119735,14.5150684739499,0.707532051008321,0.014,1,""
"145","Petrosia (Petrosia) weinbergi vs Neopetrosia proxima",1,2.49938098390316,19.5086846431597,0.600106859360875,0.001,0.21,""
"146","Petrosia (Petrosia) weinbergi vs Petrosia (Petrosia) nigricans",1,1.63122170412358,10.9400044961945,0.498632737203498,0.003,0.63,""
"147","Petrosia (Petrosia) weinbergi vs Petrosia (Petrosia) aff. elephantotus",1,3.81970034080787,27.124285891148,0.575590385683556,0.001,0.21,""
"148","Petrosia (Petrosia) weinbergi vs Xestospongia muta",1,4.6398142246703,26.9616341857257,0.449648088346199,0.001,0.21,""
"149","Petrosia (Petrosia) weinbergi vs Petrosia (Petrosia) nova spec Curacao",1,1.74624304963655,13.0303869103923,0.542246238438928,0.002,0.42,""
"150","Petrosia (Petrosia) weinbergi vs Neopetrosia eurystomata",1,4.17176083704122,35.9931646136625,0.631534761363894,0.001,0.21,""
"151","Petrosia (Petrosia) weinbergi vs Neopetrosia chaliniformis",1,2.01392111338862,13.9407349297009,0.537407092261654,0.001,0.21,""
"152","Petrosia (Petrosia) weinbergi vs Xestospongia mamillata",1,1.5396176677859,9.86710194089763,0.47285444662342,0.007,1,""
"153","Petrosia (Petrosia) weinbergi vs Xestospongia viridenigra",1,2.95760460080611,27.0917256399672,0.659298805733699,0.002,0.42,""
"154","Petrosia (Petrosia) weinbergi vs Petrosia (Petrosia) lignosa",1,1.81658419450734,13.7416305231868,0.555405211079711,0.003,0.63,""
"155","Petrosia (Petrosia) weinbergi vs Neopetrosia ovata",1,2.51061259276156,19.7659184657493,0.603246281236124,0.002,0.42,""
"156","Neopetrosia proxima vs Petrosia (Petrosia) nigricans",1,1.41382541586363,12.2616772955494,0.671443104436946,0.015,1,""
"157","Neopetrosia proxima vs Petrosia (Petrosia) aff. elephantotus",1,2.41338556488171,19.3783752749599,0.563679205895297,0.001,0.21,""
"158","Neopetrosia proxima vs Xestospongia muta",1,1.20888059602425,7.1552374577376,0.203532616337448,0.001,0.21,""
"159","Neopetrosia proxima vs Petrosia (Petrosia) nova spec Curacao",1,1.03205017219039,11.7768335829953,0.662482074100115,0.009,1,""
"160","Neopetrosia proxima vs Neopetrosia eurystomata",1,0.692826191954775,7.46153636101486,0.318032725828365,0.001,0.21,""
"161","Neopetrosia proxima vs Neopetrosia chaliniformis",1,0.989556003538325,8.82164277638574,0.557568066797229,0.008,1,""
"162","Neopetrosia proxima vs Xestospongia mamillata",1,0.930040500151701,7.26547825647917,0.547698176877305,0.018,1,""
"163","Neopetrosia proxima vs Xestospongia viridenigra",1,2.27659142745693,35.3240126695597,0.796949791818354,0.002,0.42,""
"164","Neopetrosia proxima vs Petrosia (Petrosia) lignosa",1,1.17751736616451,13.9678594999747,0.699517116493753,0.019,1,""
"165","Neopetrosia proxima vs Neopetrosia ovata",1,1.64412780226974,18.7129540499016,0.700519830751198,0.01,1,""
"166","Petrosia (Petrosia) nigricans vs Petrosia (Petrosia) aff. elephantotus",1,1.66956662685347,11.7782013323525,0.475345291386179,0.008,1,""
"167","Petrosia (Petrosia) nigricans vs Xestospongia muta",1,1.79618618458214,9.92522481877857,0.276274536035486,0.002,0.42,""
"168","Petrosia (Petrosia) nigricans vs Petrosia (Petrosia) nova spec Curacao",1,1.16941412387142,9.34673762176697,0.700301293592791,0.1,1,""
"169","Petrosia (Petrosia) nigricans vs Neopetrosia eurystomata",1,1.801214195094,17.2683271363512,0.552262583829622,0.001,0.21,""
"170","Petrosia (Petrosia) nigricans vs Neopetrosia chaliniformis",1,1.25891900328919,8.28376975895219,0.623600823355855,0.025,1,""
"171","Petrosia (Petrosia) nigricans vs Xestospongia mamillata",1,1.04993968468178,5.65468610443891,0.58569341802206,0.1,1,""
"172","Petrosia (Petrosia) nigricans vs Xestospongia viridenigra",1,1.618172619085,20.4206182709657,0.744717645283296,0.012,1,""
"173","Petrosia (Petrosia) nigricans vs Petrosia (Petrosia) lignosa",1,1.17548458788454,9.78619003708198,0.70985457263821,0.1,1,""
"174","Petrosia (Petrosia) nigricans vs Neopetrosia ovata",1,1.44017428190283,12.7535871891922,0.680061209651782,0.023,1,""
"175","Petrosia (Petrosia) aff. elephantotus vs Xestospongia muta",1,4.8226513298744,28.6987246662848,0.450538449814126,0.001,0.21,""
"176","Petrosia (Petrosia) aff. elephantotus vs Petrosia (Petrosia) nova spec Curacao",1,1.78514822982666,13.8405504363812,0.515658219051311,0.002,0.42,""
"177","Petrosia (Petrosia) aff. elephantotus vs Neopetrosia eurystomata",1,4.24526558125995,37.033254848803,0.616879010509645,0.001,0.21,""
"178","Petrosia (Petrosia) aff. elephantotus vs Neopetrosia chaliniformis",1,1.99661017161183,14.4372042660882,0.507687187917582,0.001,0.21,""
"179","Petrosia (Petrosia) aff. elephantotus vs Xestospongia mamillata",1,1.38919605374337,9.4110155611782,0.419928116844493,0.003,0.63,""
"180","Petrosia (Petrosia) aff. elephantotus vs Xestospongia viridenigra",1,2.94201688323301,27.1941517415541,0.629579483451055,0.001,0.21,""
"181","Petrosia (Petrosia) aff. elephantotus vs Petrosia (Petrosia) lignosa",1,1.56816897848137,12.3049891785922,0.486267316367878,0.001,0.21,""
"182","Petrosia (Petrosia) aff. elephantotus vs Neopetrosia ovata",1,2.51245453971818,20.3293404026547,0.575423717820872,0.001,0.21,""
"183","Xestospongia muta vs Petrosia (Petrosia) nova spec Curacao",1,1.47961293046343,8.47496373954354,0.245829518591272,0.001,0.21,""
"184","Xestospongia muta vs Neopetrosia eurystomata",1,2.92630424984641,19.1571621212606,0.347319575273731,0.001,0.21,""
"185","Xestospongia muta vs Neopetrosia chaliniformis",1,1.47614448515234,8.30563653119903,0.235249590355338,0.001,0.21,""
"186","Xestospongia muta vs Xestospongia mamillata",1,1.24948404891403,6.79423841682128,0.207177807591235,0.001,0.21,""
"187","Xestospongia muta vs Xestospongia viridenigra",1,3.5802715417773,22.6033105450993,0.438020551517617,0.001,0.21,""
"188","Xestospongia muta vs Petrosia (Petrosia) lignosa",1,1.58618774492442,9.12559717386882,0.259799061314114,0.003,0.63,""
"189","Xestospongia muta vs Neopetrosia ovata",1,2.51478359891145,14.9298333087409,0.347772915896718,0.001,0.21,""
"190","Petrosia (Petrosia) nova spec Curacao vs Neopetrosia eurystomata",1,1.23142865062601,13.3201414244692,0.487557557536618,0.003,0.63,""
"191","Petrosia (Petrosia) nova spec Curacao vs Neopetrosia chaliniformis",1,1.00004770403782,8.42006520350911,0.627423568799607,0.029,1,""
"192","Petrosia (Petrosia) nova spec Curacao vs Xestospongia mamillata",1,0.901590700605981,6.25365009127379,0.609895016467927,0.1,1,""
"193","Petrosia (Petrosia) nova spec Curacao vs Xestospongia viridenigra",1,1.68603415144471,30.3655651646809,0.812661738979486,0.018,1,""
"194","Petrosia (Petrosia) nova spec Curacao vs Petrosia (Petrosia) lignosa",1,1.10168673668583,14.0144175411732,0.777955629658426,0.1,1,""
"195","Petrosia (Petrosia) nova spec Curacao vs Neopetrosia ovata",1,1.16418485881976,13.6557115625121,0.694745215357994,0.016,1,""
"196","Neopetrosia eurystomata vs Neopetrosia chaliniformis",1,1.50843086857485,14.5630230304706,0.492609399771482,0.001,0.21,""
"197","Neopetrosia eurystomata vs Xestospongia mamillata",1,1.22202485841657,11.1344342095836,0.442995219893914,0.003,0.63,""
"198","Neopetrosia eurystomata vs Xestospongia viridenigra",1,3.34617207293107,42.1833339432424,0.712756972827803,0.001,0.21,""
"199","Neopetrosia eurystomata vs Petrosia (Petrosia) lignosa",1,1.51704041124049,16.6669982780641,0.543483197375268,0.003,0.63,""
"200","Neopetrosia eurystomata vs Neopetrosia ovata",1,2.21900186119326,24.130071057847,0.601296494667647,0.001,0.21,""
"201","Neopetrosia chaliniformis vs Xestospongia mamillata",1,0.798111785261378,4.77286287211849,0.488379191908569,0.033,1,""
"202","Neopetrosia chaliniformis vs Xestospongia viridenigra",1,1.8750586025845,23.1458747461431,0.743144154235364,0.006,1,""
"203","Neopetrosia chaliniformis vs Petrosia (Petrosia) lignosa",1,1.05311009785309,9.17573622725067,0.647284633415493,0.03,1,""
"204","Neopetrosia chaliniformis vs Neopetrosia ovata",1,1.50625065287253,13.6767104996459,0.661454852786187,0.007,1,""
"205","Xestospongia mamillata vs Xestospongia viridenigra",1,1.52476917548051,16.9172502799135,0.707324215029901,0.008,1,""
"206","Xestospongia mamillata vs Petrosia (Petrosia) lignosa",1,0.996950078608725,7.16342299278786,0.641686962629276,0.1,1,""
"207","Xestospongia mamillata vs Neopetrosia ovata",1,1.24790261774023,9.93340858265147,0.623432740780093,0.021,1,""
"208","Xestospongia viridenigra vs Petrosia (Petrosia) lignosa",1,1.5842862280389,30.0803156003364,0.81122059274122,0.012,1,""
"209","Xestospongia viridenigra vs Neopetrosia ovata",1,2.29334162793588,36.4825792325576,0.802122039869771,0.003,0.63,""
"210","Petrosia (Petrosia) lignosa vs Neopetrosia ovata",1,1.37609432717627,16.7979057873204,0.736817931612953,0.022,1,""
