,fieldnr,species.full,species,Sample_or_Control,set.28S,COI,18S,28S,DateDNAextract,BatchDecontam,Dash_ID,extract pos. NCBN,Extract plate ID,pos. work plate,Row,Colomn,extract ID,registr.nr CRS,Collection,region,country,Marine Realm,Marine Province,Marine Ecoregion,Latitude,Longitude,Lateral zone,Ecosystem,Collection Depth,Sampling date (YYYY-MM-DD),Local Site,marker,primer F,Primer R,PCR1 ID,dilution,PCR2 ID,PCR2 size,PCR2 nmol/L,Label set
e1100004418,KUE259,Xestospongia testudinaria,Xestospongia testudinaria,True sample,1,Yes,,Yes,2022-08-01,B,NW175_A02,NCBN001406-A02,NCBN001406,A02,A,2,e1100004418,NBC.LAB.11847,Taiwan 2019,Indo-Pacific,Taiwan,Central Indo-Pacific,South Kuroshio,South Kuroshio,22.0563841,121.5067388,Tropical,Reef/Cave?,,2019-07-31,,16S V4-V5,IDT10-515F-Y,IDT10-926R	,NW166,1,NW175,577,0.8391,B2
e1100004419,KUE371,Petrosia (Strongylophora) corticata,Petrosia Strongylophora corticata,True sample,1,Yes,Yes,Yes,2022-08-01,B,NW175_A03,NCBN001406-A03,NCBN001406,A03,A,3,e1100004419,NBC.LAB.11855,Taiwan 2019,Indo-Pacific,Taiwan,Central Indo-Pacific,South Kuroshio,South Kuroshio,22.0800747,121.5595633,Tropical,Reef,,2019-08-10,,16S V4-V5,IDT10-515F-Y,IDT10-926R	,NW166,1,NW175,548,30.482,B2
e1100004421,ORC149,Xestospongia vansoesti,Xestospongia vansoesti,True sample,1,Yes,Yes,Yes,2022-08-02,B,NW175_A05,NCBN001406-A05,NCBN001406,A05,A,5,e1100004421,NBC.LAB.11871,Taiwan 2018,Indo-Pacific,Taiwan,Central Indo-Pacific,South Kuroshio,South Kuroshio,,,Tropical,Reef/Cave?,,2018-08-12,,16S V4-V5,IDT10-515F-Y,IDT10-926R	,NW171,50,NW175,545,24.2098,B2
e1100004422,ORC364,Petrosia (Petrosia) nova spec Lanyu,Petrosia Petrosia nova spec Lanyu,True sample,1,Yes,,Yes,2022-08-02,B,NW175_A06,NCBN001406-A06,NCBN001406,A06,A,6,e1100004422,NBC.LAB.11879,Taiwan 2018,Indo-Pacific,Taiwan,Central Indo-Pacific,South Kuroshio,South Kuroshio,,,Tropical,Reef/Cave?,,2018-10-08,,16S V4-V5,IDT10-515F-Y,IDT10-926R	,NW166,1,NW175,550,26.5543,B2
e1100004425,PSC568,Xestospongia testudinaria,Xestospongia testudinaria,True sample,1,Yes,Yes,Yes,2022-08-03,B,NW175_A09,NCBN001406-A09,NCBN001406,A09,A,9,e1100004425,NBC.LAB.11903,Taiwan 2016,Indo-Pacific,Taiwan,Central Indo-Pacific,South China Sea,Southern China,23.553957,119.642258,Tropical,Reef,,2016-08-07,Aimen,16S V4-V5,IDT10-515F-Y,IDT10-926R	,NW166,1,NW175,551,10.4682,B2
e1100004426,JED087,Petrosia (Petrosia) elephantotus,Petrosia Petrosia elephantotus,True sample,1,Yes,Yes,Yes,2022-08-04,B,NW175_A10,NCBN001406-A10,NCBN001406,A10,A,10,e1100004426,NBC.LAB.11911,Red Sea 2014,Red Sea,Saudi Arabia,Western Indo-Pacific,Red Sea and Gulf of Aden,Northern and Central Red Sea,,,Tropical,Reef,,2014-11-10,THU06,16S V4-V5,IDT10-515F-Y,IDT10-926R	,NW166,1,NW175,551,20.1867,B2
e1100004430,KUE260,Xestospongia testudinaria,Xestospongia testudinaria,True sample,1,Yes,,Yes,2022-08-01,B,NW175_B02,NCBN001406-B02,NCBN001406,B02,B,2,e1100004430,NBC.LAB.11848,Taiwan 2019,Indo-Pacific,Taiwan,Central Indo-Pacific,South Kuroshio,South Kuroshio,22.0563841,121.5067388,Tropical,Reef/Cave?,,2019-07-31,,16S V4-V5,IDT10-515F-Y,IDT10-926R	,NW166,1,NW175,547,8.3081,B2
e1100004431,ORC068,Petrosia (Strongylophora) corticata,Petrosia Strongylophora corticata,True sample,1,Yes,Yes,Yes,2022-08-01,B,NW175_B03,NCBN001406-B03,NCBN001406,B03,B,3,e1100004431,NBC.LAB.11856,Taiwan 2018,Indo-Pacific,Taiwan,Central Indo-Pacific,South Kuroshio,South Kuroshio,,,Tropical,Reef/Cave?,,2018-08-11,,16S V4-V5,IDT10-515F-Y,IDT10-926R	,NW166,1,NW175,551,14.6647,B2
e1100004433,ORC159,Xestospongia nova spec Lanyu,Xestospongia nova spec Lanyu,True sample,1,Yes,Yes,Yes,2022-08-02,B,NW175_B05,NCBN001406-B05,NCBN001406,B05,B,5,e1100004433,NBC.LAB.11872,Taiwan 2018,Indo-Pacific,Taiwan,Central Indo-Pacific,South Kuroshio,South Kuroshio,,,Tropical,Reef/Cave?,,2018-08-13,,16S V4-V5,IDT10-515F-Y,IDT10-926R	,NW166,1,NW175,552,36.292,B2
e1100004434,ORC367,Petrosia (Petrosia) nova spec Lanyu,Petrosia Petrosia nova spec Lanyu,True sample,1,Yes,Yes,Yes,2022-08-02,B,NW175_B06,NCBN001406-B06,NCBN001406,B06,B,6,e1100004434,NBC.LAB.11880,Taiwan 2018,Indo-Pacific,Taiwan,Central Indo-Pacific,South Kuroshio,South Kuroshio,,,Tropical,Reef/Cave?,,2018-10-08,,16S V4-V5,IDT10-515F-Y,IDT10-926R	,NW166,1,NW175,551,20.1634,B2
e1100004435,ORC425,Petrosia (Petrosia) nova spec Lanyu,Petrosia Petrosia nova spec Lanyu,True sample,1,Yes,Yes,Yes,2022-08-03,B,NW175_B07,NCBN001406-B07,NCBN001406,B07,B,7,e1100004435,NBC.LAB.11888,Taiwan 2018,Indo-Pacific,Taiwan,Central Indo-Pacific,South Kuroshio,South Kuroshio,,,Tropical,Reef/Cave?,,2018-10-11,,16S V4-V5,IDT10-515F-Y,IDT10-926R	,NW166,1,NW175,541,19.2613,B2
e1100004436,PSC505,Acanthostrongylophora ingens,Acanthostrongylophora ingens,True sample,1,Yes,Yes,Yes,2022-08-03,B,NW175_B08,NCBN001406-B08,NCBN001406,B08,B,8,e1100004436,NBC.LAB.11896,Taiwan 2016,Indo-Pacific,Taiwan,Central Indo-Pacific,South China Sea,Southern China,,,Tropical,Reef,,2016-08-06,,16S V4-V5,IDT10-515F-Y,IDT10-926R	,NW166,1,NW175,548,20.0262,B2
e1100004439,MDB080,Neopetrosia carbonaria,Neopetrosia carbonaria,True sample,1,Yes,Yes,Yes,2022-08-04,B,NW175_B11,NCBN001406-B11,NCBN001406,B11,B,11,e1100004439,NBC.LAB.11920,Martinique 2016,Caribbean,Martinique,Tropical Atlantic,Tropical Northwestern Atlantic,Eastern Caribbean,14.4934,-61.0911,Tropical,Reef,13.6,2016-09-07,,16S V4-V5,IDT10-515F-Y,IDT10-926R	,NW166,1,NW175,549,28.7838,B2
e1100004442,KUE276,Petrosia (Petrosia) nova spec Lanyu,Petrosia Petrosia nova spec Lanyu,True sample,1,,Yes,Yes,2022-08-01,B,NW175_C02,NCBN001406-C02,NCBN001406,C02,C,2,e1100004442,NBC.LAB.11849,Taiwan 2019,Indo-Pacific,Taiwan,Central Indo-Pacific,South Kuroshio,South Kuroshio,22.0750278,121.5680538,Tropical,Tidal pool,,2019-08-01,,16S V4-V5,IDT10-515F-Y,IDT10-926R	,NW166,1,NW175,544,18.2401,B2
e1100004443,ORC070,Petrosia (Petrosia) nova spec Lanyu,Petrosia Petrosia nova spec Lanyu,True sample,1,Yes,,Yes,2022-08-01,B,NW175_C03,NCBN001406-C03,NCBN001406,C03,C,3,e1100004443,NBC.LAB.11857,Taiwan 2018,Indo-Pacific,Taiwan,Central Indo-Pacific,South Kuroshio,South Kuroshio,,,Tropical,Reef/Cave?,,2018-08-11,,16S V4-V5,IDT10-515F-Y,IDT10-926R	,NW166,1,NW175,546,29.5187,B2
e1100004444,ORC113,Xestospongia nova spec Lanyu,Xestospongia nova spec Lanyu,True sample,1,Yes,Yes,Yes,2022-08-02,B,NW175_C04,NCBN001406-C04,NCBN001406,C04,C,4,e1100004444,NBC.LAB.11865,Taiwan 2018,Indo-Pacific,Taiwan,Central Indo-Pacific,South Kuroshio,South Kuroshio,,,Tropical,Reef/Cave?,,2018-08-13,,16S V4-V5,IDT10-515F-Y,IDT10-926R	,NW166,1,NW175,552,37.6693,B2
e1100004445,ORC167,Petrosia (Strongylophora) corticata,Petrosia Strongylophora corticata,True sample,1,Yes,Yes,Yes,2022-08-02,B,NW175_C05,NCBN001406-C05,NCBN001406,C05,C,5,e1100004445,NBC.LAB.11873,Taiwan 2018,Indo-Pacific,Taiwan,Central Indo-Pacific,South Kuroshio,South Kuroshio,,,Tropical,Reef/Cave?,,2018-08-13,,16S V4-V5,IDT10-515F-Y,IDT10-926R	,NW166,1,NW175,549,25.1374,B2
e1100004446,ORC371,Xestospongia nova spec Lanyu,Xestospongia nova spec Lanyu,True sample,1,Yes,Yes,Yes,2022-08-02,B,NW175_C06,NCBN001406-C06,NCBN001406,C06,C,6,e1100004446,NBC.LAB.11881,Taiwan 2018,Indo-Pacific,Taiwan,Central Indo-Pacific,South Kuroshio,South Kuroshio,,,Tropical,Reef/Cave?,,2018-10-08,,16S V4-V5,IDT10-515F-Y,IDT10-926R	,NW166,1,NW175,551,27.3298,B2
e1100004451,MDB095,Neopetrosia rosariensis,Neopetrosia rosariensis,True sample,1,Yes,Yes,Yes,2022-08-04,B,NW175_C11,NCBN001406-C11,NCBN001406,C11,C,11,e1100004451,NBC.LAB.11921,Martinique 2016,Caribbean,Martinique,Tropical Atlantic,Tropical Northwestern Atlantic,Eastern Caribbean,14.6386,-61.1397,Tropical,Reef,12,2016-09-08,,16S V4-V5,IDT10-515F-Y,IDT10-926R	,NW166,1,NW175,551,21.9861,B2
e1100004452,MDB234,Neopetrosia rosariensis,Neopetrosia rosariensis,True sample,1,Yes,Yes,Yes,2022-08-04,B,NW175_C12,NCBN001406-C12,NCBN001406,C12,C,12,e1100004452,NBC.LAB.11929,Martinique 2016,Caribbean,Martinique,Tropical Atlantic,Tropical Northwestern Atlantic,Eastern Caribbean,14.4421,-61.0396,Tropical,Reef,15.7,2016-09-14,,16S V4-V5,IDT10-515F-Y,IDT10-926R	,NW166,1,NW175,550,29.4911,B2
e1100004453,KUE224,Petrosia (Petrosia) nova spec Lanyu,Petrosia Petrosia nova spec Lanyu,True sample,1,Yes,,Yes,2022-08-01,B,NW175_D01,NCBN001406-D01,NCBN001406,D01,D,1,e1100004453,NBC.LAB.11842,Taiwan 2019,Indo-Pacific,Taiwan,Central Indo-Pacific,South Kuroshio,South Kuroshio,22.0750278,121.5680538,Tropical,Tidal pool,,2019-08-01,,16S V4-V5,IDT10-515F-Y,IDT10-926R	,NW166,1,NW175,549,34.0976,B2
e1100004454,KUE277,Petrosia (Petrosia) nova spec Lanyu,Petrosia Petrosia nova spec Lanyu,True sample,1,Yes,Yes,Yes,2022-08-01,B,NW175_D02,NCBN001406-D02,NCBN001406,D02,D,2,e1100004454,NBC.LAB.11850,Taiwan 2019,Indo-Pacific,Taiwan,Central Indo-Pacific,South Kuroshio,South Kuroshio,22.0750278,121.5680538,Tropical,Tidal pool,,2019-08-01,,16S V4-V5,IDT10-515F-Y,IDT10-926R	,NW166,1,NW175,545,19.5141,B2
e1100004455,ORC076,Xestospongia nova spec Lanyu,Xestospongia nova spec Lanyu,True sample,1,Yes,Yes,Yes,2022-08-01,B,NW175_D03,NCBN001406-D03,NCBN001406,D03,D,3,e1100004455,NBC.LAB.11858,Taiwan 2018,Indo-Pacific,Taiwan,Central Indo-Pacific,South Kuroshio,South Kuroshio,,,Tropical,Reef/Cave?,,2018-08-11,,16S V4-V5,IDT10-515F-Y,IDT10-926R	,NW166,1,NW175,553,34.8323,B2
e1100004458,ORC378,Xestospongia nova spec Lanyu,Xestospongia nova spec Lanyu,True sample,1,Yes,Yes,Yes,2022-08-02,B,NW175_D06,NCBN001406-D06,NCBN001406,D06,D,6,e1100004458,NBC.LAB.11882,Taiwan 2018,Indo-Pacific,Taiwan,Central Indo-Pacific,South Kuroshio,South Kuroshio,,,Tropical,Reef/Cave?,,2018-10-09,,16S V4-V5,IDT10-515F-Y,IDT10-926R	,NW166,1,NW175,549,24.117,B2
e1100004460,PSC548,Acanthostrongylophora ingens,Acanthostrongylophora ingens,True sample,1,Yes,Yes,Yes,2022-08-03,B,NW175_D08,NCBN001406-D08,NCBN001406,D08,D,8,e1100004460,NBC.LAB.11898,Taiwan 2016,Indo-Pacific,Taiwan,Central Indo-Pacific,South China Sea,Southern China,,,Tropical,Reef,,2016-08-06,,16S V4-V5,IDT10-515F-Y,IDT10-926R	,NW166,1,NW175,548,21.0117,B2
e1100004465,KUE225,Petrosia (Petrosia) nova spec Lanyu,Petrosia Petrosia nova spec Lanyu,True sample,1,Yes,Yes,Yes,2022-08-01,B,NW175_E01,NCBN001406-E01,NCBN001406,E01,E,1,e1100004465,NBC.LAB.11843,Taiwan 2019,Indo-Pacific,Taiwan,Central Indo-Pacific,South Kuroshio,South Kuroshio,22.0750278,121.5680538,Tropical,Tidal pool,,2019-08-01,,16S V4-V5,IDT10-515F-Y,IDT10-926R	,NW166,1,NW175,545,24.9095,B2
e1100004467,ORC077,Xestospongia nova spec Lanyu,Xestospongia nova spec Lanyu,True sample,1,Yes,Yes,Yes,2022-08-01,B,NW175_E03,NCBN001406-E03,NCBN001406,E03,E,3,e1100004467,NBC.LAB.11859,Taiwan 2018,Indo-Pacific,Taiwan,Central Indo-Pacific,South Kuroshio,South Kuroshio,,,Tropical,Reef/Cave?,,2018-08-11,,16S V4-V5,IDT10-515F-Y,IDT10-926R	,NW166,1,NW175,551,26.4033,B2
e1100004468,ORC126,Xestospongia vansoesti,Xestospongia vansoesti,True sample,1,,,Yes,2022-08-02,B,NW175_E04,NCBN001406-E04,NCBN001406,E04,E,4,e1100004468,NBC.LAB.11867,Taiwan 2018,Indo-Pacific,Taiwan,Central Indo-Pacific,South Kuroshio,South Kuroshio,,,Tropical,Reef/Cave?,,2018-08-12,,16S V4-V5,IDT10-515F-Y,IDT10-926R	,NW171,50,NW175,546,47.2267,B2
e1100004469,ORC301,Petrosia (Strongylophora) corticata,Petrosia Strongylophora corticata,True sample,1,Yes,Yes,Yes,2022-08-02,B,NW175_E05,NCBN001406-E05,NCBN001406,E05,E,5,e1100004469,NBC.LAB.11875,Taiwan 2018,Indo-Pacific,Taiwan,Central Indo-Pacific,South Kuroshio,South Kuroshio,,,Tropical,Reef/Cave?,,2018-10-07,,16S V4-V5,IDT10-515F-Y,IDT10-926R	,NW166,1,NW175,549,33.8441,B2
e1100004470,ORC387,Xestospongia nova spec Lanyu,Xestospongia nova spec Lanyu,True sample,1,Yes,Yes,Yes,2022-08-02,B,NW175_E06,NCBN001406-E06,NCBN001406,E06,E,6,e1100004470,NBC.LAB.11883,Taiwan 2018,Indo-Pacific,Taiwan,Central Indo-Pacific,South Kuroshio,South Kuroshio,,,Tropical,Reef/Cave?,,2018-10-09,,16S V4-V5,IDT10-515F-Y,IDT10-926R	,NW166,1,NW175,553,26.9189,B2
e1100004472,PSC553,Acanthostrongylophora ingens,Acanthostrongylophora ingens,True sample,1,Yes,Yes,Yes,2022-08-03,B,NW175_E08,NCBN001406-E08,NCBN001406,E08,E,8,e1100004472,NBC.LAB.11899,Taiwan 2016,Indo-Pacific,Taiwan,Central Indo-Pacific,South China Sea,Southern China,,,Tropical,Reef,,2016-08-06,,16S V4-V5,IDT10-515F-Y,IDT10-926R	,NW166,1,NW175,551,17.7637,B2
e1100004475,MDB153,Petrosia (Petrosia) weinbergi,Petrosia Petrosia weinbergi,True sample,1,Yes,Yes,Yes,2022-08-04,B,NW175_E11,NCBN001406-E11,NCBN001406,E11,E,11,e1100004475,NBC.LAB.11923,Martinique 2016,Caribbean,Martinique,Tropical Atlantic,Tropical Northwestern Atlantic,Eastern Caribbean,14.4446,-60.8999,Tropical,Reef,14.7,2016-09-10,,16S V4-V5,IDT10-515F-Y,IDT10-926R	,NW166,1,NW175,549,36.889,B2
e1100004476,MDB243,Neopetrosia rosariensis,Neopetrosia rosariensis,True sample,1,Yes,Yes,Yes,2022-08-04,B,NW175_E12,NCBN001406-E12,NCBN001406,E12,E,12,e1100004476,NBC.LAB.11931,Martinique 2016,Caribbean,Martinique,Tropical Atlantic,Tropical Northwestern Atlantic,Eastern Caribbean,14.4421,-61.0396,Tropical,Reef,15.7,2016-09-14,,16S V4-V5,IDT10-515F-Y,IDT10-926R	,NW166,1,NW175,539,0.7725,B2
e1100004477,KUE231,Petrosia (Strongylophora) corticata,Petrosia Strongylophora corticata,True sample,1,Yes,Yes,Yes,2022-08-01,B,NW175_F01,NCBN001406-F01,NCBN001406,F01,F,1,e1100004477,NBC.LAB.11844,Taiwan 2019,Indo-Pacific,Taiwan,Central Indo-Pacific,South Kuroshio,South Kuroshio,22.0080886,121.5946905,Tropical,Tidal pool,,2019-07-30,,16S V4-V5,IDT10-515F-Y,IDT10-926R	,NW166,1,NW175,551,26.4164,B2
e1100004481,ORC302,Xestospongia nova spec Lanyu,Xestospongia nova spec Lanyu,True sample,1,Yes,Yes,Yes,2022-08-02,B,NW175_F05,NCBN001406-F05,NCBN001406,F05,F,5,e1100004481,NBC.LAB.11876,Taiwan 2018,Indo-Pacific,Taiwan,Central Indo-Pacific,South Kuroshio,South Kuroshio,,,Tropical,Reef/Cave?,,2018-10-07,,16S V4-V5,IDT10-515F-Y,IDT10-926R	,NW166,1,NW175,552,31.1691,B2
e1100004484,PSC565,Xestospongia testudinaria,Xestospongia testudinaria,True sample,1,Yes,Yes,Yes,2022-08-03,B,NW175_F08,NCBN001406-F08,NCBN001406,F08,F,8,e1100004484,NBC.LAB.11900,Taiwan 2016,Indo-Pacific,Taiwan,Central Indo-Pacific,South China Sea,Southern China,23.553957,119.642258,Tropical,Reef,,2016-08-07,Aimen,16S V4-V5,IDT10-515F-Y,IDT10-926R	,NW166,1,NW175,550,23.2462,B2
e1100004487,MDB162,Neopetrosia proxima,Neopetrosia proxima,True sample,1,,Yes,Yes,2022-08-04,B,NW175_F11,NCBN001406-F11,NCBN001406,F11,F,11,e1100004487,NBC.LAB.11924,Martinique 2016,Caribbean,Martinique,Tropical Atlantic,Tropical Northwestern Atlantic,Eastern Caribbean,14.4446,-60.8999,Tropical,Reef,18.6,2016-09-10,,16S V4-V5,IDT10-515F-Y,IDT10-926R	,NW166,1,NW175,554,5.3475,B2
e1100004489,KUE257,Xestospongia testudinaria,Xestospongia testudinaria,True sample,1,Yes,,Yes,2022-08-01,B,NW175_G01,NCBN001406-G01,NCBN001406,G01,G,1,e1100004489,NBC.LAB.11845,Taiwan 2019,Indo-Pacific,Taiwan,Central Indo-Pacific,South Kuroshio,South Kuroshio,22.0563841,121.5067388,Tropical,Reef/Cave?,,2019-07-31,,16S V4-V5,IDT10-515F-Y,IDT10-926R	,NW166,1,NW175,550,20.8167,B2
e1100004492,ORC145,Xestospongia vansoesti,Xestospongia vansoesti,True sample,1,,Yes,Yes,2022-08-02,B,NW175_G04,NCBN001406-G04,NCBN001406,G04,G,4,e1100004492,NBC.LAB.11869,Taiwan 2018,Indo-Pacific,Taiwan,Central Indo-Pacific,South Kuroshio,South Kuroshio,,,Tropical,Reef/Cave?,,2018-08-12,,16S V4-V5,IDT10-515F-Y,IDT10-926R	,NW164,10,NW175,551,35.1714,B2
e1100004494,ORC391b,Xestospongia nova spec Lanyu,Xestospongia nova spec Lanyu,True sample,1,Yes,Yes,Yes,2022-08-02,B,NW175_G06,NCBN001406-G06,NCBN001406,G06,G,6,e1100004494,NBC.LAB.11885,Taiwan 2018,Indo-Pacific,Taiwan,Central Indo-Pacific,South Kuroshio,South Kuroshio,,,Tropical,Reef/Cave?,,2018-10-09,,16S V4-V5,IDT10-515F-Y,IDT10-926R	,NW166,1,NW175,552,38.7952,B2
e1100004495,PSC160,Acanthostrongylophora ingens,Acanthostrongylophora ingens,True sample,1,Yes,Yes,Yes,2022-08-03,B,NW175_G07,NCBN001406-G07,NCBN001406,G07,G,7,e1100004495,NBC.LAB.11893,Taiwan 2016,Indo-Pacific,Taiwan,Central Indo-Pacific,South China Sea,Southern China,23.25597,119.510197,Tropical,Reef,,2016-07-22,Southern islands - Dongyungping,16S V4-V5,IDT10-515F-Y,IDT10-926R	,NW166,1,NW175,550,40.4466,B2
e1100004496,PSC566,Xestospongia testudinaria,Xestospongia testudinaria,True sample,1,Yes,Yes,Yes,2022-08-03,B,NW175_G08,NCBN001406-G08,NCBN001406,G08,G,8,e1100004496,NBC.LAB.11901,Taiwan 2016,Indo-Pacific,Taiwan,Central Indo-Pacific,South China Sea,Southern China,23.553957,119.642258,Tropical,Reef,,2016-08-07,Aimen,16S V4-V5,IDT10-515F-Y,IDT10-926R	,NW166,1,NW175,549,21.422,B2
e1100004497,JED085,Petrosia (Petrosia) elephantotus,Petrosia Petrosia elephantotus,True sample,1,Yes,Yes,Yes,2022-08-03,B,NW175_G09,NCBN001406-G09,NCBN001406,G09,G,9,e1100004497,NBC.LAB.11909,Red Sea 2014,Red Sea,Saudi Arabia,Western Indo-Pacific,Red Sea and Gulf of Aden,Northern and Central Red Sea,,,Tropical,Reef,,2014-11-10,THU06,16S V4-V5,IDT10-515F-Y,IDT10-926R	,NW166,1,NW175,544,24.6356,B2
e1100004501,KUE258,Xestospongia testudinaria,Xestospongia testudinaria,True sample,1,Yes,Yes,Yes,2022-08-01,B,NW175_H01,NCBN001406-H01,NCBN001406,H01,H,1,e1100004501,NBC.LAB.11846,Taiwan 2019,Indo-Pacific,Taiwan,Central Indo-Pacific,South Kuroshio,South Kuroshio,22.0563841,121.5067388,Tropical,Reef/Cave?,,2019-07-31,,16S V4-V5,IDT10-515F-Y,IDT10-926R	,NW166,1,NW175,548,21.5411,B2
e1100004502,KUE288,Petrosia (Strongylophora) corticata,Petrosia Strongylophora corticata,True sample,1,Yes,Yes,Yes,2022-08-01,B,NW175_H02,NCBN001406-H02,NCBN001406,H02,H,2,e1100004502,NBC.LAB.11854,Taiwan 2019,Indo-Pacific,Taiwan,Central Indo-Pacific,South Kuroshio,South Kuroshio,22.0817145,121.5113184,Tropical,Tidal pool,,2019-08-02,,16S V4-V5,IDT10-515F-Y,IDT10-926R	,NW166,1,NW175,536,27.1959,B2
e1100004503,ORC098,Petrosia (Petrosia) nigricans,Petrosia Petrosia nigricans,True sample,1,,Yes,Yes,2022-08-02,B,NW175_H03,NCBN001406-H03,NCBN001406,H03,H,3,e1100004503,NBC.LAB.11862,Taiwan 2018,Indo-Pacific,Taiwan,Central Indo-Pacific,South Kuroshio,South Kuroshio,,,Tropical,Reef/Cave?,,2018-08-12,,16S V4-V5,IDT10-515F-Y,IDT10-926R	,NW166,1,NW175,547,16.1159,B2
e1100004507,PSC431,Petrosia (Petrosia) aff. elephantotus,Petrosia Petrosia aff elephantotus,True sample,1,Yes,Yes,Yes,2022-08-03,B,NW175_H07,NCBN001406-H07,NCBN001406,H07,H,7,e1100004507,NBC.LAB.11894,Taiwan 2016,Indo-Pacific,Taiwan,Central Indo-Pacific,South China Sea,Southern China,23.593973,119.508245,Tropical,Reef,,2016-08-04,dive 1- Xiyu Township,16S V4-V5,IDT10-515F-Y,IDT10-926R	,NW166,1,NW175,549,26.7533,B2
e1100004508,PSC567,Xestospongia testudinaria,Xestospongia testudinaria,True sample,1,Yes,Yes,Yes,2022-08-03,B,NW175_H08,NCBN001406-H08,NCBN001406,H08,H,8,e1100004508,NBC.LAB.11902,Taiwan 2016,Indo-Pacific,Taiwan,Central Indo-Pacific,South China Sea,Southern China,23.553957,119.642258,Tropical,Reef,,2016-08-07,Aimen,16S V4-V5,IDT10-515F-Y,IDT10-926R	,NW166,1,NW175,548,29.3584,B2
e1100004509,JED086,Petrosia (Petrosia) elephantotus,Petrosia Petrosia elephantotus,True sample,1,Yes,Yes,Yes,2022-08-04,B,NW175_H09,NCBN001406-H09,NCBN001406,H09,H,9,e1100004509,NBC.LAB.11910,Red Sea 2014,Red Sea,Saudi Arabia,Western Indo-Pacific,Red Sea and Gulf of Aden,Northern and Central Red Sea,,,Tropical,Reef,,2014-11-10,THU06,16S V4-V5,IDT10-515F-Y,IDT10-926R	,NW166,1,NW175,550,24.4256,B2
e1100004510,MDB040,Neopetrosia proxima,Neopetrosia proxima,True sample,1,Yes,Yes,Yes,2022-08-04,B,NW175_H10,NCBN001406-H10,NCBN001406,H10,H,10,e1100004510,NBC.LAB.11918,Martinique 2016,Caribbean,Martinique,Tropical Atlantic,Tropical Northwestern Atlantic,Eastern Caribbean,14.5333,-61.0879,Tropical,Reef,5-13,2016-09-06,,16S V4-V5,IDT10-515F-Y,IDT10-926R	,NW166,1,NW175,549,15.4075,B2
e1100004511,MDB223,Xestospongia muta,Xestospongia muta,True sample,1,Yes,Yes,Yes,2022-08-04,B,NW175_H11,NCBN001406-H11,NCBN001406,H11,H,11,e1100004511,NBC.LAB.11926,Martinique 2016,Caribbean,Martinique,Tropical Atlantic,Tropical Northwestern Atlantic,Eastern Caribbean,14.4421,-61.0396,Tropical,Reef,,2016-09-14,,16S V4-V5,IDT10-515F-Y,IDT10-926R	,NW166,1,NW175,551,24.1434,B2
e1100004514,MDB445,Xestospongia muta,Xestospongia muta,True sample,1,Yes,Yes,Yes,2022-08-04,B,NW176_A02,NCBN001407-A02,NCBN001407,A02,A,2,e1100004514,NBC.LAB.11942,Martinique 2016,Caribbean,Martinique,Tropical Atlantic,Tropical Northwestern Atlantic,Eastern Caribbean,,,Tropical,Reef,,,,16S V4-V5,IDT10-515F-Y,IDT10-926R	,NW167,1,NW176,572,0.8104,B4
e1100004518,CAO368,Petrosia (Petrosia) weinbergi,Petrosia Petrosia weinbergi,True sample,1,Yes,,Yes,2022-08-09,B,NW176_A06,NCBN001407-A06,NCBN001407,A06,A,6,e1100004518,NBC.LAB.11974,Curacao 2022,Caribbean,Curacao,Tropical Atlantic,Tropical Northwestern Atlantic,Southern Caribbean,12.065306,-68.860222,Tropical,Reef,,2022-04-24,Directors bay,16S V4-V5,IDT10-515F-Y,IDT10-926R	,NW167,1,NW176,550,13.0033,B4
e1100004519,CAO422,Petrosia (Petrosia) nova spec Curacao,Petrosia Petrosia nova spec Curacao,True sample,1,Yes,Yes,Yes,2022-08-09,B,NW176_A07,NCBN001407-A07,NCBN001407,A07,A,7,e1100004519,NBC.LAB.11982,Curacao 2022,Caribbean,Curacao,Tropical Atlantic,Tropical Northwestern Atlantic,Southern Caribbean,12.083194,-68.897278,Tropical,Submarine,138,2022-04-23,Aquarium,16S V4-V5,IDT10-515F-Y,IDT10-926R	,NW165,10,NW176,548,26.5723,B4
e1100004520,CAO556,Neopetrosia carbonaria,Neopetrosia carbonaria,True sample,1,Yes,Yes,Yes,2022-08-09,B,NW176_A08,NCBN001407-A08,NCBN001407,A08,A,8,e1100004520,NBC.LAB.11990,Curacao 2022,Caribbean,Curacao,Tropical Atlantic,Tropical Northwestern Atlantic,Southern Caribbean,12.070707,-68.859954,Tropical,Mangrove,1,2022-04-29,Mangove near Tugboat,16S V4-V5,IDT10-515F-Y,IDT10-926R	,NW167,1,NW176,548,23.824,B4
e1100004524,CEL378,Petrosia (Petrosia) aff. elephantotus,Petrosia Petrosia aff elephantotus,True sample,1,Yes,Yes,Yes,2022-08-08,B,NW176_A12,NCBN001407-A12,NCBN001407,A12,A,12,e1100004524,NBC.LAB.12022,Indonesia 2018,Indo-Pacific,Indonesia,Central Indo-Pacific,Western Coral Triangle,Sulawesi Sea/Makassar Strait,-4.969281,119.328192,Tropical,Reef/seagrass,,2018-05-07,Padjenekang,16S V4-V5,IDT10-515F-Y,IDT10-926R	,NW167,1,NW176,554,14.8483,B4
e1100004525,MDB285,Neopetrosia proxima,Neopetrosia proxima,True sample,1,Yes,Yes,Yes,2022-08-04,B,NW176_B01,NCBN001407-B01,NCBN001407,B01,B,1,e1100004525,NBC.LAB.11935,Martinique 2016,Caribbean,Martinique,Tropical Atlantic,Tropical Northwestern Atlantic,Eastern Caribbean,14.4407,-61.0291,Tropical,Reef,15-18,2016-09-15,,16S V4-V5,IDT10-515F-Y,IDT10-926R	,NW167,1,NW176,560,7.6668,B4
e1100004526,MDB463,Xestospongia muta,Xestospongia muta,True sample,1,Yes,Yes,Yes,2022-08-04,B,NW176_B02,NCBN001407-B02,NCBN001407,B02,B,2,e1100004526,NBC.LAB.11943,Martinique 2016,Caribbean,Martinique,Tropical Atlantic,Tropical Northwestern Atlantic,Eastern Caribbean,,,Tropical,Reef,,,,16S V4-V5,IDT10-515F-Y,IDT10-926R	,NW167,1,NW176,553,11.3331,B4
e1100004527,MDB565,Neopetrosia proxima,Neopetrosia proxima,True sample,1,,Yes,Yes,2022-08-04,B,NW176_B03,NCBN001407-B03,NCBN001407,B03,B,3,e1100004527,NBC.LAB.11951,Martinique 2016,Caribbean,Martinique,Tropical Atlantic,Tropical Northwestern Atlantic,Eastern Caribbean,14.5538,-61.0261,Tropical,Reef,<30,2016-10-06,,16S V4-V5,IDT10-515F-Y,IDT10-926R	,NW167,1,NW176,562,3.0285,B4
e1100004529,CAO323,Petrosia (Petrosia) weinbergi,Petrosia Petrosia weinbergi,True sample,1,Yes,Yes,Yes,2022-08-09,B,NW176_B05,NCBN001407-B05,NCBN001407,B05,B,5,e1100004529,NBC.LAB.11967,Curacao 2022,Caribbean,Curacao,Tropical Atlantic,Tropical Northwestern Atlantic,Southern Caribbean,12.065306,-68.860222,Tropical,Reef,17.4,2022-04-24,Directors bay,16S V4-V5,IDT10-515F-Y,IDT10-926R	,NW167,1,NW176,550,21.5912,B4
e1100004531,CAO423,Neopetrosia eurystomata,Neopetrosia eurystomata,True sample,1,,Yes,Yes,2022-08-09,B,NW176_B07,NCBN001407-B07,NCBN001407,B07,B,7,e1100004531,NBC.LAB.11983,Curacao 2022,Caribbean,Curacao,Tropical Atlantic,Tropical Northwestern Atlantic,Southern Caribbean,12.083194,-68.897278,Tropical,Submarine,115,2022-04-23,Aquarium,16S V4-V5,IDT10-515F-Y,IDT10-926R	,NW167,1,NW176,554,4.562,B4
e1100004532,CAO558,Neopetrosia carbonaria,Neopetrosia carbonaria,True sample,1,Yes,Yes,Yes,2022-07-28,B,NW176_B08,NCBN001407-B08,NCBN001407,B08,B,8,e1100004532,NBC.LAB.11991,Curacao 2022,Caribbean,Curacao,Tropical Atlantic,Tropical Northwestern Atlantic,Southern Caribbean,12.070707,-68.859954,Tropical,Mangrove,1,2022-04-29,Mangove near Tugboat,16S V4-V5,IDT10-515F-Y,IDT10-926R	,NW167,1,NW176,549,27.7092,B4
e1100004534,CEL243,Acanthostrongylophora ingens,Acanthostrongylophora ingens,True sample,1,Yes,Yes,Yes,2022-08-08,B,NW176_B10,NCBN001407-B10,NCBN001407,B10,B,10,e1100004534,NBC.LAB.12007,Indonesia 2018,Indo-Pacific,Indonesia,Central Indo-Pacific,Western Coral Triangle,Sulawesi Sea/Makassar Strait,-5.125429,119.343667,Tropical,Reef,13,2018-05-02,Samalona,16S V4-V5,IDT10-515F-Y,IDT10-926R	,NW167,1,NW176,550,4.8535,B4
e1100004536,CEL382,Neopetrosia chaliniformis,Neopetrosia chaliniformis,True sample,1,,Yes,Yes,2022-08-08,B,NW176_B12,NCBN001407-B12,NCBN001407,B12,B,12,e1100004536,NBC.LAB.12023,Indonesia 2018,Indo-Pacific,Indonesia,Central Indo-Pacific,Western Coral Triangle,Sulawesi Sea/Makassar Strait,-4.969281,119.328192,Tropical,Reef/seagrass,,2018-05-07,Padjenekang,16S V4-V5,IDT10-515F-Y,IDT10-926R	,NW167,1,NW176,551,10.4222,B4
e1100004537,MDB289,Xestospongia muta,Xestospongia muta,True sample,1,Yes,Yes,Yes,2022-08-04,B,NW176_C01,NCBN001407-C01,NCBN001407,C01,C,1,e1100004537,NBC.LAB.11936,Martinique 2016,Caribbean,Martinique,Tropical Atlantic,Tropical Northwestern Atlantic,Eastern Caribbean,14.4407,-61.0291,Tropical,Reef,,2016-09-15,,16S V4-V5,IDT10-515F-Y,IDT10-926R	,NW167,1,NW176,552,20.8457,B4
e1100004538,MDB464,Xestospongia muta,Xestospongia muta,True sample,1,Yes,,Yes,2022-08-04,B,NW176_C02,NCBN001407-C02,NCBN001407,C02,C,2,e1100004538,NBC.LAB.11944,Martinique 2016,Caribbean,Martinique,Tropical Atlantic,Tropical Northwestern Atlantic,Eastern Caribbean,,,Tropical,Reef,,,,16S V4-V5,IDT10-515F-Y,IDT10-926R	,NW167,1,NW176,554,11.3529,B4
e1100004539,MDB618,Neopetrosia carbonaria,Neopetrosia carbonaria,True sample,1,Yes,Yes,Yes,2022-08-04,B,NW176_C03,NCBN001407-C03,NCBN001407,C03,C,3,e1100004539,NBC.LAB.11952,Martinique 2016,Caribbean,Martinique,Tropical Atlantic,Tropical Northwestern Atlantic,Eastern Caribbean,14.5763,-61.0548,Tropical,Reef,7.1,2016-10-09,,16S V4-V5,IDT10-515F-Y,IDT10-926R	,NW167,1,NW176,544,10.8453,B4
e1100004540,CAO317,Petrosia (Petrosia) weinbergi,Petrosia Petrosia weinbergi,True sample,1,Yes,Yes,Yes,2022-08-08,B,NW176_C04,NCBN001407-C04,NCBN001407,C04,C,4,e1100004540,NBC.LAB.11960,Curacao 2022,Caribbean,Curacao,Tropical Atlantic,Tropical Northwestern Atlantic,Southern Caribbean,12.065306,-68.860222,Tropical,Reef,,2022-04-24,Directors bay,16S V4-V5,IDT10-515F-Y,IDT10-926R	,NW167,1,NW176,542,29.3186,B4
e1100004544,CAO559,Neopetrosia carbonaria,Neopetrosia carbonaria,True sample,1,Yes,Yes,Yes,2022-08-09,B,NW176_C08,NCBN001407-C08,NCBN001407,C08,C,8,e1100004544,NBC.LAB.11992,Curacao 2022,Caribbean,Curacao,Tropical Atlantic,Tropical Northwestern Atlantic,Southern Caribbean,12.070707,-68.859954,Tropical,Mangrove,1,2022-04-29,Mangove near Tugboat,16S V4-V5,IDT10-515F-Y,IDT10-926R	,NW167,1,NW176,549,10.1975,B4
e1100004547,CEL347,Xestospongia mamillata,Xestospongia mamillata,True sample,1,,,Yes,2022-08-08,B,NW176_C11,NCBN001407-C11,NCBN001407,C11,C,11,e1100004547,NBC.LAB.12016,Indonesia 2018,Indo-Pacific,Indonesia,Central Indo-Pacific,Western Coral Triangle,Sulawesi Sea/Makassar Strait,-4.925383,119.398186,Tropical,Reef/seagrass,,2018-05-06,Lankadea,16S V4-V5,IDT10-515F-Y,IDT10-926R	,NW167,1,NW176,549,32.5453,B4
e1100004548,CEL387,Neopetrosia chaliniformis,Neopetrosia chaliniformis,True sample,1,,Yes,Yes,2022-08-08,B,NW176_C12,NCBN001407-C12,NCBN001407,C12,C,12,e1100004548,NBC.LAB.12024,Indonesia 2018,Indo-Pacific,Indonesia,Central Indo-Pacific,Western Coral Triangle,Sulawesi Sea/Makassar Strait,-4.969281,119.328192,Tropical,Reef/seagrass,,2018-05-07,Padjenekang,16S V4-V5,IDT10-515F-Y,IDT10-926R	,NW167,1,NW176,550,10.9089,B4
e1100004549,MDB290,Xestospongia muta,Xestospongia muta,True sample,1,Yes,,Yes,2022-08-04,B,NW176_D01,NCBN001407-D01,NCBN001407,D01,D,1,e1100004549,NBC.LAB.11937,Martinique 2016,Caribbean,Martinique,Tropical Atlantic,Tropical Northwestern Atlantic,Eastern Caribbean,14.4407,-61.0291,Tropical,Reef,,2016-09-15,,16S V4-V5,IDT10-515F-Y,IDT10-926R	,NW167,1,NW176,565,6.5876,B4
e1100004550,MDB484,Neopetrosia proxima,Neopetrosia proxima,True sample,1,Yes,Yes,Yes,2022-08-04,B,NW176_D02,NCBN001407-D02,NCBN001407,D02,D,2,e1100004550,NBC.LAB.11945,Martinique 2016,Caribbean,Martinique,Tropical Atlantic,Tropical Northwestern Atlantic,Eastern Caribbean,14.5185,-61.0977,Tropical,Reef,11.7,2016-09-30,,16S V4-V5,IDT10-515F-Y,IDT10-926R	,NW167,1,NW176,555,4.3213,B4
e1100004552,CAO318,Petrosia (Petrosia) weinbergi,Petrosia Petrosia weinbergi,True sample,1,Yes,Yes,Yes,2022-08-08,B,NW176_D04,NCBN001407-D04,NCBN001407,D04,D,4,e1100004552,NBC.LAB.11961,Curacao 2022,Caribbean,Curacao,Tropical Atlantic,Tropical Northwestern Atlantic,Southern Caribbean,12.065306,-68.860222,Tropical,Reef,,2022-04-24,Directors bay,16S V4-V5,IDT10-515F-Y,IDT10-926R	,NW167,1,NW176,552,16.6709,B4
e1100004557,CEL192,Xestospongia viridenigra,Xestospongia viridenigra,True sample,1,Yes,Yes,Yes,2022-08-05,B,NW176_D09,NCBN001407-D09,NCBN001407,D09,D,9,e1100004557,NBC.LAB.12001,Indonesia 2018,Indo-Pacific,Indonesia,Central Indo-Pacific,Western Coral Triangle,Sulawesi Sea/Makassar Strait,-5.048389,119.329175,Tropical,Reef flat,1,2018-04-30,BarangLompo,16S V4-V5,IDT10-515F-Y,IDT10-926R	,NW167,1,NW176,550,32.2399,B4
e1100004558,CEL248,Petrosia (Petrosia) nigricans,Petrosia Petrosia nigricans,True sample,1,,Yes,Yes,2022-08-08,B,NW176_D10,NCBN001407-D10,NCBN001407,D10,D,10,e1100004558,NBC.LAB.12009,Indonesia 2018,Indo-Pacific,Indonesia,Central Indo-Pacific,Western Coral Triangle,Sulawesi Sea/Makassar Strait,-5.125429,119.343667,Tropical,Reef/seagrass,,2018-05-02,Samalona,16S V4-V5,IDT10-515F-Y,IDT10-926R	,NW167,1,NW176,552,6.3697,B4
e1100004559,CEL352,Xestospongia mamillata,Xestospongia mamillata,True sample,1,,,Yes,2022-08-08,B,NW176_D11,NCBN001407-D11,NCBN001407,D11,D,11,e1100004559,NBC.LAB.12017,Indonesia 2018,Indo-Pacific,Indonesia,Central Indo-Pacific,Western Coral Triangle,Sulawesi Sea/Makassar Strait,-4.925383,119.398186,Tropical,Reef/seagrass,,2018-05-06,Lankadea,16S V4-V5,IDT10-515F-Y,IDT10-926R	,NW167,1,NW176,557,6.5944,B4
e1100004560,CEL389,Neopetrosia chaliniformis,Neopetrosia chaliniformis,True sample,1,,Yes,Yes,2022-08-08,B,NW176_D12,NCBN001407-D12,NCBN001407,D12,D,12,e1100004560,NBC.LAB.12025,Indonesia 2018,Indo-Pacific,Indonesia,Central Indo-Pacific,Western Coral Triangle,Sulawesi Sea/Makassar Strait,-4.969281,119.328192,Tropical,Reef/seagrass,,2018-05-07,Padjenekang,16S V4-V5,IDT10-515F-Y,IDT10-926R	,NW167,1,NW176,552,14.4537,B4
e1100004561,MDB294,Xestospongia muta,Xestospongia muta,True sample,1,Yes,,Yes,2022-08-04,B,NW176_E01,NCBN001407-E01,NCBN001407,E01,E,1,e1100004561,NBC.LAB.11938,Martinique 2016,Caribbean,Martinique,Tropical Atlantic,Tropical Northwestern Atlantic,Eastern Caribbean,14.4407,-61.0291,Tropical,Reef,,2016-09-15,,16S V4-V5,IDT10-515F-Y,IDT10-926R	,NW167,1,NW176,549,7.712,B4
e1100004563,CAO302,Petrosia (Petrosia) weinbergi,Petrosia Petrosia weinbergi,True sample,1,Yes,Yes,Yes,2022-08-08,B,NW176_E03,NCBN001407-E03,NCBN001407,E03,E,3,e1100004563,NBC.LAB.11954,Curacao 2022,Caribbean,Curacao,Tropical Atlantic,Tropical Northwestern Atlantic,Southern Caribbean,12.068647,-68.862264,Tropical,Reef,25.5,2022-04-20,Tugboat,16S V4-V5,IDT10-515F-Y,IDT10-926R	,NW165,10,NW176,547,16.2504,B4
e1100004567,CAO426,Neopetrosia eurystomata,Neopetrosia eurystomata,True sample,1,,Yes,Yes,2022-08-09,B,NW176_E07,NCBN001407-E07,NCBN001407,E07,E,7,e1100004567,NBC.LAB.11986,Curacao 2022,Caribbean,Curacao,Tropical Atlantic,Tropical Northwestern Atlantic,Southern Caribbean,12.083194,-68.897278,Tropical,Submarine,113,2022-04-23,Aquarium,16S V4-V5,IDT10-515F-Y,IDT10-926R	,NW167,1,NW176,549,10.4091,B4
e1100004568,CEL101,Xestospongia viridenigra,Xestospongia viridenigra,True sample,1,Yes,Yes,Yes,2022-08-05,B,NW176_E08,NCBN001407-E08,NCBN001407,E08,E,8,e1100004568,NBC.LAB.11994,Indonesia 2018,Indo-Pacific,Indonesia,Central Indo-Pacific,Western Coral Triangle,Sulawesi Sea/Makassar Strait,-4.856731,119.384668,Tropical,Reef flat,1,2018-04-27,Karanrang,16S V4-V5,IDT10-515F-Y,IDT10-926R	,NW167,1,NW176,551,28.8785,B4
e1100004569,CEL193,Xestospongia viridenigra,Xestospongia viridenigra,True sample,1,Yes,Yes,Yes,2022-08-05,B,NW176_E09,NCBN001407-E09,NCBN001407,E09,E,9,e1100004569,NBC.LAB.12002,Indonesia 2018,Indo-Pacific,Indonesia,Central Indo-Pacific,Western Coral Triangle,Sulawesi Sea/Makassar Strait,-5.048389,119.329175,Tropical,Reef flat,1,2018-04-30,BarangLompo,16S V4-V5,IDT10-515F-Y,IDT10-926R	,NW167,1,NW176,543,19.7538,B4
e1100004571,CEL356,Xestospongia mamillata,Xestospongia mamillata,True sample,1,,,Yes,2022-08-08,B,NW176_E11,NCBN001407-E11,NCBN001407,E11,E,11,e1100004571,NBC.LAB.12018,Indonesia 2018,Indo-Pacific,Indonesia,Central Indo-Pacific,Western Coral Triangle,Sulawesi Sea/Makassar Strait,-4.925383,119.398186,Tropical,Reef,10,2018-05-06,Lankadea,16S V4-V5,IDT10-515F-Y,IDT10-926R	,NW167,1,NW176,551,47.3378,B4
e1100004572,CEL390,Neopetrosia chaliniformis,Neopetrosia chaliniformis,True sample,1,,Yes,Yes,2022-08-08,B,NW176_E12,NCBN001407-E12,NCBN001407,E12,E,12,e1100004572,NBC.LAB.12026,Indonesia 2018,Indo-Pacific,Indonesia,Central Indo-Pacific,Western Coral Triangle,Sulawesi Sea/Makassar Strait,-4.969281,119.328192,Tropical,Reef/seagrass,,2018-05-07,Padjenekang,16S V4-V5,IDT10-515F-Y,IDT10-926R	,NW167,1,NW176,552,28.7727,B4
e1100004573,MDB348,Xestospongia muta,Xestospongia muta,True sample,1,Yes,Yes,Yes,2022-08-04,B,NW176_F01,NCBN001407-F01,NCBN001407,F01,F,1,e1100004573,NBC.LAB.11939,Martinique 2016,Caribbean,Martinique,Tropical Atlantic,Tropical Northwestern Atlantic,Eastern Caribbean,14.6462,-60.8508,Tropical,Reef,16.9-30,2016-09-18,,16S V4-V5,IDT10-515F-Y,IDT10-926R	,NW167,1,NW176,554,18.985,B4
e1100004574,MDB523,Petrosia (Petrosia) weinbergi,Petrosia Petrosia weinbergi,True sample,1,Yes,Yes,Yes,2022-08-04,B,NW176_F02,NCBN001407-F02,NCBN001407,F02,F,2,e1100004574,NBC.LAB.11947,Martinique 2016,Caribbean,Martinique,Tropical Atlantic,Tropical Northwestern Atlantic,Eastern Caribbean,14.7867,-61.2184,Tropical,Reef,<30,2016-10-03,,16S V4-V5,IDT10-515F-Y,IDT10-926R	,NW167,1,NW176,548,24.2512,B4
e1100004578,CAO420,Neopetrosia eurystomata,Neopetrosia eurystomata,True sample,1,Yes,Yes,Yes,2022-08-09,B,NW176_F06,NCBN001407-F06,NCBN001407,F06,F,6,e1100004578,NBC.LAB.11979,Curacao 2022,Caribbean,Curacao,Tropical Atlantic,Tropical Northwestern Atlantic,Southern Caribbean,12.083194,-68.897278,Tropical,Submarine,101,2022-04-23,Aquarium,16S V4-V5,IDT10-515F-Y,IDT10-926R	,NW167,1,NW176,552,25.0992,B4
e1100004579,CAO428,Neopetrosia eurystomata,Neopetrosia eurystomata,True sample,1,Yes,Yes,Yes,2022-08-09,B,NW176_F07,NCBN001407-F07,NCBN001407,F07,F,7,e1100004579,NBC.LAB.11987,Curacao 2022,Caribbean,Curacao,Tropical Atlantic,Tropical Northwestern Atlantic,Southern Caribbean,12.083194,-68.897278,Tropical,Submarine,114,2022-04-23,Aquarium,16S V4-V5,IDT10-515F-Y,IDT10-926R	,NW167,1,NW176,562,2.9768,B4
e1100004580,CEL104,Xestospongia viridenigra,Xestospongia viridenigra,True sample,1,Yes,Yes,Yes,2022-08-05,B,NW176_F08,NCBN001407-F08,NCBN001407,F08,F,8,e1100004580,NBC.LAB.11995,Indonesia 2018,Indo-Pacific,Indonesia,Central Indo-Pacific,Western Coral Triangle,Sulawesi Sea/Makassar Strait,-4.856731,119.384668,Tropical,Reef flat,1,2018-04-27,Karanrang,16S V4-V5,IDT10-515F-Y,IDT10-926R	,NW167,1,NW176,548,19.0368,B4
e1100004581,CEL196,Xestospongia viridenigra,Xestospongia viridenigra,True sample,1,Yes,Yes,Yes,2022-08-05,B,NW176_F09,NCBN001407-F09,NCBN001407,F09,F,9,e1100004581,NBC.LAB.12003,Indonesia 2018,Indo-Pacific,Indonesia,Central Indo-Pacific,Western Coral Triangle,Sulawesi Sea/Makassar Strait,-5.048389,119.329175,Tropical,Reef flat,1,2018-04-30,BarangLompo,16S V4-V5,IDT10-515F-Y,IDT10-926R	,NW167,1,NW176,548,32.2941,B4
e1100004582,CEL273,Acanthostrongylophora ingens,Acanthostrongylophora ingens,True sample,1,Yes,Yes,Yes,2022-08-08,B,NW176_F10,NCBN001407-F10,NCBN001407,F10,F,10,e1100004582,NBC.LAB.12011,Indonesia 2018,Indo-Pacific,Indonesia,Central Indo-Pacific,Western Coral Triangle,Sulawesi Sea/Makassar Strait,-5.125429,119.343667,Tropical,Reef,14.3,2018-05-03,Samalona,16S V4-V5,IDT10-515F-Y,IDT10-926R	,NW167,1,NW176,554,11.6433,B4
e1100004583,CEL358,Petrosia (Petrosia) aff. elephantotus,Petrosia Petrosia aff elephantotus,True sample,1,Yes,Yes,Yes,2022-08-08,B,NW176_F11,NCBN001407-F11,NCBN001407,F11,F,11,e1100004583,NBC.LAB.12019,Indonesia 2018,Indo-Pacific,Indonesia,Central Indo-Pacific,Western Coral Triangle,Sulawesi Sea/Makassar Strait,-4.925383,119.398186,Tropical,Reef/seagrass,,2018-05-06,Lankadea,16S V4-V5,IDT10-515F-Y,IDT10-926R	,NW167,1,NW176,552,15.9157,B4
e1100004585,MDB427,Xestospongia muta,Xestospongia muta,True sample,1,Yes,Yes,Yes,2022-08-04,B,NW176_G01,NCBN001407-G01,NCBN001407,G01,G,1,e1100004585,NBC.LAB.11940,Martinique 2016,Caribbean,Martinique,Tropical Atlantic,Tropical Northwestern Atlantic,Eastern Caribbean,,,Tropical,Reef,,,,16S V4-V5,IDT10-515F-Y,IDT10-926R	,NW167,1,NW176,552,23.4936,B4
e1100004588,CAO321,Petrosia (Petrosia) weinbergi,Petrosia Petrosia weinbergi,True sample,1,Yes,,Yes,2022-08-08,B,NW176_G04,NCBN001407-G04,NCBN001407,G04,G,4,e1100004588,NBC.LAB.11964,Curacao 2022,Caribbean,Curacao,Tropical Atlantic,Tropical Northwestern Atlantic,Southern Caribbean,12.068647,-68.862264,Tropical,Reef,14,2022-04-20,Tugboat,16S V4-V5,IDT10-515F-Y,IDT10-926R	,NW167,1,NW176,549,18.5694,B4
e1100004592,CEL106,Xestospongia viridenigra,Xestospongia viridenigra,True sample,1,Yes,Yes,Yes,2022-08-05,B,NW176_G08,NCBN001407-G08,NCBN001407,G08,G,8,e1100004592,NBC.LAB.11996,Indonesia 2018,Indo-Pacific,Indonesia,Central Indo-Pacific,Western Coral Triangle,Sulawesi Sea/Makassar Strait,-4.856731,119.384668,Tropical,Reef flat,1,2018-04-27,Karanrang,16S V4-V5,IDT10-515F-Y,IDT10-926R	,NW167,1,NW176,551,24.999,B4
e1100004593,CEL226,Acanthostrongylophora ingens,Acanthostrongylophora ingens,True sample,1,Yes,Yes,Yes,2022-08-05,B,NW176_G09,NCBN001407-G09,NCBN001407,G09,G,9,e1100004593,NBC.LAB.12004,Indonesia 2018,Indo-Pacific,Indonesia,Central Indo-Pacific,Western Coral Triangle,Sulawesi Sea/Makassar Strait,-5.125429,119.343667,Tropical,Reef,16,2018-05-02,Samalona,16S V4-V5,IDT10-515F-Y,IDT10-926R	,NW167,1,NW176,552,29.8604,B4
e1100004594,CEL279,Acanthostrongylophora ingens,Acanthostrongylophora ingens,True sample,1,Yes,Yes,Yes,2022-08-08,B,NW176_G10,NCBN001407-G10,NCBN001407,G10,G,10,e1100004594,NBC.LAB.12012,Indonesia 2018,Indo-Pacific,Indonesia,Central Indo-Pacific,Western Coral Triangle,Sulawesi Sea/Makassar Strait,-5.125429,119.343667,Tropical,Reef,10.7,2018-05-03,Samalona,16S V4-V5,IDT10-515F-Y,IDT10-926R	,NW167,1,NW176,549,6.1827,B4
e1100004595,CEL359,Petrosia (Petrosia) aff. elephantotus,Petrosia Petrosia aff elephantotus,True sample,1,,Yes,Yes,2022-08-08,B,NW176_G11,NCBN001407-G11,NCBN001407,G11,G,11,e1100004595,NBC.LAB.12020,Indonesia 2018,Indo-Pacific,Indonesia,Central Indo-Pacific,Western Coral Triangle,Sulawesi Sea/Makassar Strait,-4.925383,119.398186,Tropical,Reef,16,2018-05-06,Lankadea,16S V4-V5,IDT10-515F-Y,IDT10-926R	,NW167,1,NW176,544,19.9889,B4
e1100004597,MDB431,Xestospongia muta,Xestospongia muta,True sample,1,Yes,,Yes,2022-08-04,B,NW176_H01,NCBN001407-H01,NCBN001407,H01,H,1,e1100004597,NBC.LAB.11941,Martinique 2016,Caribbean,Martinique,Tropical Atlantic,Tropical Northwestern Atlantic,Eastern Caribbean,,,Tropical,Reef,,,,16S V4-V5,IDT10-515F-Y,IDT10-926R	,NW167,1,NW176,549,25.3126,B4
e1100004599,CAO305,Petrosia (Petrosia) weinbergi,Petrosia Petrosia weinbergi,True sample,1,Yes,Yes,Yes,2022-08-08,B,NW176_H03,NCBN001407-H03,NCBN001407,H03,H,3,e1100004599,NBC.LAB.11957,Curacao 2022,Caribbean,Curacao,Tropical Atlantic,Tropical Northwestern Atlantic,Southern Caribbean,12.068647,-68.862264,Tropical,Reef,15.8,2022-04-20,Tugboat,16S V4-V5,IDT10-515F-Y,IDT10-926R	,NW167,1,NW176,553,28.1484,B4
e1100004601,CAO337,Petrosia (Petrosia) weinbergi,Petrosia Petrosia weinbergi,True sample,1,Yes,Yes,Yes,2022-08-09,B,NW176_H05,NCBN001407-H05,NCBN001407,H05,H,5,e1100004601,NBC.LAB.11973,Curacao 2022,Caribbean,Curacao,Tropical Atlantic,Tropical Northwestern Atlantic,Southern Caribbean,12.374959,-69.158681,Tropical,Reef,15.6,2022-04-26,Playa Kalki,16S V4-V5,IDT10-515F-Y,IDT10-926R	,NW167,1,NW176,552,19.8824,B4
e1100004603,CAO555,Neopetrosia carbonaria,Neopetrosia carbonaria,True sample,1,Yes,Yes,Yes,2022-08-09,B,NW176_H07,NCBN001407-H07,NCBN001407,H07,H,7,e1100004603,NBC.LAB.11989,Curacao 2022,Caribbean,Curacao,Tropical Atlantic,Tropical Northwestern Atlantic,Southern Caribbean,12.070707,-68.859954,Tropical,Mangrove,1,2022-04-29,Mangove near Tugboat,16S V4-V5,IDT10-515F-Y,IDT10-926R	,NW167,1,NW176,551,28.8599,B4
e1100004605,CEL234,Petrosia (Petrosia) nigricans,Petrosia Petrosia nigricans,True sample,1,,Yes,Yes,2022-08-05,B,NW176_H09,NCBN001407-H09,NCBN001407,H09,H,9,e1100004605,NBC.LAB.12005,Indonesia 2018,Indo-Pacific,Indonesia,Central Indo-Pacific,Western Coral Triangle,Sulawesi Sea/Makassar Strait,-5.125429,119.343667,Tropical,Reef/seagrass,,2018-05-02,Samalona,16S V4-V5,IDT10-515F-Y,IDT10-926R	,NW167,1,NW176,550,7.2536,B4
e1100004611,SRI267,Xestospongia testudinaria,Xestospongia testudinaria,True sample,1,Yes,,Yes,2022-08-04,B,NW177_A03,NCBN001408-A03,NCBN001408,A03,A,3,e1100004611,NBC.LAB.12045,Sri Lanka 2019,Indian Ocean,Sri Lanka,Western Indo-Pacific,West and South Indian Shelf,South India and Sri Lanka,,,Tropical,Reef?,,,,16S V4-V5,IDT10-515F-Y,IDT10-926R	,NW168,1,NW177,551,10.7652,D2
e1100004612,SUB121,Neopetrosia eurystomata,Neopetrosia eurystomata,True sample,1,Yes,Yes,Yes,2022-08-05,B,NW177_A04,NCBN001408-A04,NCBN001408,A04,A,4,e1100004612,NBC.LAB.12053,Curacao 2018,Caribbean,Curacao,Tropical Atlantic,Tropical Northwestern Atlantic,Southern Caribbean,,,Tropical,Submarine,85,2018-11,Curacao,16S V4-V5,IDT10-515F-Y,IDT10-926R	,NW168,1,NW177,564,1.4556,D2
e1100004614,SCR011,Xestospongia muta,Xestospongia muta,True sample,1,Yes,Yes,Yes,2022-08-10,B,NW177_A06,NCBN001408-A06,NCBN001408,A06,A,6,e1100004614,NBC.LAB.12069,WUR,Caribbean,Curacao,Tropical Atlantic,Tropical Northwestern Atlantic,Southern Caribbean,12.084556,-68.89825,Tropical,Submarine,52,2015-11,Aquarium (XM08),16S V4-V5,IDT10-515F-Y,IDT10-926R	,NW168,1,NW177,553,21.6106,D2
e1100004618,TWA018,Acanthostrongylophora ingens,Acanthostrongylophora ingens,True sample,1,Yes,Yes,Yes,2023-05-11,B5,NW177_A10,NCBN001408-A10,NCBN001408,A10,A,10,e1100004618,NBC.LAB.12101,Taiwan 2023,Indo-Pacific,Taiwan,Central Indo-Pacific,South China Sea,Southern China,23.537448,119.545612,Tropical,Reef,5,2023-04-18,Fonggui,16S V4-V5,IDT10-515F-Y,IDT10-926R	,NW168,1,NW177,560,2.3036,D2
e1100004619,TWA031,Xestospongia vansoesti,Xestospongia vansoesti,True sample,1,,Yes,Yes,2023-05-11,B5,NW177_A11,NCBN001408-A11,NCBN001408,A11,A,11,e1100004619,NBC.LAB.12109,Taiwan 2023,Indo-Pacific,Taiwan,Central Indo-Pacific,South China Sea,Southern China,23.25597,119.510197,Tropical,Reef,10,2023-04-21,Dongyuping S,16S V4-V5,IDT10-515F-Y,IDT10-926R	,NW172,10,NW177,555,10.8316,D2
e1100004622,CEL453,Petrosia (Petrosia) lignosa,Petrosia Petrosia lignosa,True sample,1,,Yes,Yes,2022-08-08,B,NW177_B02,NCBN001408-B02,NCBN001408,B02,B,2,e1100004622,NBC.LAB.12038,Indonesia 2018,Indo-Pacific,Indonesia,Central Indo-Pacific,Western Coral Triangle,Sulawesi Sea/Makassar Strait,-4.709053,118.964616,Tropical,Reef,,2018-05-09,Kapoposang,16S V4-V5,IDT10-515F-Y,IDT10-926R	,NW168,1,NW177,554,5.6252,D2
e1100004623,SRI277,Xestospongia testudinaria,Xestospongia testudinaria,True sample,1,Yes,Yes,Yes,2022-08-04,B,NW177_B03,NCBN001408-B03,NCBN001408,B03,B,3,e1100004623,NBC.LAB.12046,Sri Lanka 2019,Indian Ocean,Sri Lanka,Western Indo-Pacific,West and South Indian Shelf,South India and Sri Lanka,,,Tropical,Reef?,,,,16S V4-V5,IDT10-515F-Y,IDT10-926R	,NW168,1,NW177,551,6.9741,D2
e1100004624,SUB122,Neopetrosia eurystomata,Neopetrosia eurystomata,True sample,1,Yes,Yes,Yes,2022-08-05,B,NW177_B04,NCBN001408-B04,NCBN001408,B04,B,4,e1100004624,NBC.LAB.12054,Curacao 2018,Caribbean,Curacao,Tropical Atlantic,Tropical Northwestern Atlantic,Southern Caribbean,,,Tropical,Submarine,102,2018-11,Curacao,16S V4-V5,IDT10-515F-Y,IDT10-926R	,NW168,1,NW177,556,4.1794,D2
e1100004626,SCR012,Xestospongia muta,Xestospongia muta,True sample,1,Yes,Yes,Yes,2022-08-10,B,NW177_B06,NCBN001408-B06,NCBN001408,B06,B,6,e1100004626,NBC.LAB.12070,WUR,Caribbean,Curacao,Tropical Atlantic,Tropical Northwestern Atlantic,Southern Caribbean,12.084556,-68.89825,Tropical,Submarine,48,2015-11,Aquarium (XM09),16S V4-V5,IDT10-515F-Y,IDT10-926R	,NW168,1,NW177,553,20.3563,D2
e1100004630,TWA019,Acanthostrongylophora ingens,Acanthostrongylophora ingens,True sample,1,Yes,Yes,Yes,2023-05-11,B5,NW177_B10,NCBN001408-B10,NCBN001408,B10,B,10,e1100004630,NBC.LAB.12102,Taiwan 2023,Indo-Pacific,Taiwan,Central Indo-Pacific,South China Sea,Southern China,23.537448,119.545612,Tropical,Reef,5,2023-04-18,Fonggui,16S V4-V5,IDT10-515F-Y,IDT10-926R	,NW168,1,NW177,551,4.7605,D2
e1100004631,TWA032,Xestospongia vansoesti,Xestospongia vansoesti,True sample,1,,Yes,Yes,2023-05-11,B5,NW177_B11,NCBN001408-B11,NCBN001408,B11,B,11,e1100004631,NBC.LAB.12110,Taiwan 2023,Indo-Pacific,Taiwan,Central Indo-Pacific,South China Sea,Southern China,23.25597,119.510197,Tropical,Reef,10,2023-04-21,Dongyuping S,16S V4-V5,IDT10-515F-Y,IDT10-926R	,NW172,10,NW177,555,10.9669,D2
e1100004634,CEL721,Xestospongia testudinaria,Xestospongia testudinaria,True sample,1,Yes,,Yes,2022-08-08,B,NW177_C02,NCBN001408-C02,NCBN001408,C02,C,2,e1100004634,NBC.LAB.12039,Indonesia 2018,Indo-Pacific,Indonesia,Central Indo-Pacific,Western Coral Triangle,Sulawesi Sea/Makassar Strait,-5.125429,119.343667,Tropical,Reef,15,2018-04-28,Samalona,16S V4-V5,IDT10-515F-Y,IDT10-926R	,NW168,1,NW177,550,6.4029,D2
e1100004635,SRI279,Xestospongia testudinaria,Xestospongia testudinaria,True sample,1,Yes,Yes,Yes,2022-08-04,B,NW177_C03,NCBN001408-C03,NCBN001408,C03,C,3,e1100004635,NBC.LAB.12047,Sri Lanka 2019,Indian Ocean,Sri Lanka,Western Indo-Pacific,West and South Indian Shelf,South India and Sri Lanka,,,Tropical,Reef?,,,,16S V4-V5,IDT10-515F-Y,IDT10-926R	,NW168,1,NW177,554,9.1463,D2
e1100004636,SUB123,Neopetrosia eurystomata,Neopetrosia eurystomata,True sample,1,Yes,Yes,Yes,2022-08-05,B,NW177_C04,NCBN001408-C04,NCBN001408,C04,C,4,e1100004636,NBC.LAB.12055,Curacao 2018,Caribbean,Curacao,Tropical Atlantic,Tropical Northwestern Atlantic,Southern Caribbean,,,Tropical,Submarine,91,2018-11,Curacao,16S V4-V5,IDT10-515F-Y,IDT10-926R	,NW168,1,NW177,565,2.6729,D2
e1100004638,SCR013,Xestospongia muta,Xestospongia muta,True sample,1,Yes,Yes,Yes,2022-08-10,B,NW177_C06,NCBN001408-C06,NCBN001408,C06,C,6,e1100004638,NBC.LAB.12071,WUR,Caribbean,Curacao,Tropical Atlantic,Tropical Northwestern Atlantic,Southern Caribbean,12.084556,-68.89825,Tropical,Submarine,48,2015-11,Aquarium (XM10),16S V4-V5,IDT10-515F-Y,IDT10-926R	,NW168,1,NW177,563,6.2861,D2
e1100004642,TWA020,Petrosia (Petrosia) aff. elephantotus,Petrosia Petrosia aff elephantotus,True sample,1,Yes,Yes,Yes,2023-05-11,B5,NW177_C10,NCBN001408-C10,NCBN001408,C10,C,10,e1100004642,NBC.LAB.12103,Taiwan 2023,Indo-Pacific,Taiwan,Central Indo-Pacific,South China Sea,Southern China,23.537448,119.545612,Tropical,Reef,5,2023-04-18,Fonggui,16S V4-V5,IDT10-515F-Y,IDT10-926R	,NW168,1,NW177,553,14.8538,D2
e1100004643,TWA034,Petrosia (Petrosia) aff. elephantotus,Petrosia Petrosia aff elephantotus,True sample,1,Yes,Yes,Yes,2023-05-11,B5,NW177_C11,NCBN001408-C11,NCBN001408,C11,C,11,e1100004643,NBC.LAB.12111,Taiwan 2023,Indo-Pacific,Taiwan,Central Indo-Pacific,South China Sea,Southern China,23.25597,119.510197,Tropical,Reef,13,2023-04-21,Dongyuping S,16S V4-V5,IDT10-515F-Y,IDT10-926R	,NW168,1,NW177,550,15.7377,D2
e1100004646,CEL722,Xestospongia testudinaria,Xestospongia testudinaria,True sample,1,Yes,,Yes,2022-08-08,B,NW177_D02,NCBN001408-D02,NCBN001408,D02,D,2,e1100004646,NBC.LAB.12040,Indonesia 2018,Indo-Pacific,Indonesia,Central Indo-Pacific,Western Coral Triangle,Sulawesi Sea/Makassar Strait,-5.125429,119.343667,Tropical,Reef,14.6,2018-04-28,Samalona,16S V4-V5,IDT10-515F-Y,IDT10-926R	,NW168,1,NW177,554,8.116,D2
e1100004647,SRI282,Xestospongia testudinaria,Xestospongia testudinaria,True sample,1,Yes,Yes,Yes,2022-08-04,B,NW177_D03,NCBN001408-D03,NCBN001408,D03,D,3,e1100004647,NBC.LAB.12048,Sri Lanka 2019,Indian Ocean,Sri Lanka,Western Indo-Pacific,West and South Indian Shelf,South India and Sri Lanka,,,Tropical,Reef?,,,,16S V4-V5,IDT10-515F-Y,IDT10-926R	,NW168,1,NW177,558,5.206,D2
e1100004648,SUB128,Xestospongia muta,Xestospongia muta,True sample,1,Yes,Yes,Yes,2022-08-05,B,NW177_D04,NCBN001408-D04,NCBN001408,D04,D,4,e1100004648,NBC.LAB.12056,Curacao 2018,Caribbean,Curacao,Tropical Atlantic,Tropical Northwestern Atlantic,Southern Caribbean,,,Tropical,Reef,26,2018-11,Curacao,16S V4-V5,IDT10-515F-Y,IDT10-926R	,NW168,1,NW177,564,5.4125,D2
e1100004650,SCR059,Xestospongia muta,Xestospongia muta,True sample,1,Yes,Yes,Yes,2022-08-10,B,NW177_D06,NCBN001408-D06,NCBN001408,D06,D,6,e1100004650,NBC.LAB.12072,WUR,Caribbean,Curacao,Tropical Atlantic,Tropical Northwestern Atlantic,Southern Caribbean,12.084556,-68.89825,Tropical,Reef,27,2015-11,Aquarium (XM13),16S V4-V5,IDT10-515F-Y,IDT10-926R	,NW168,1,NW177,553,12.6425,D2
e1100004654,TWA021,Xestospongia testudinaria,Xestospongia testudinaria,True sample,1,Yes,Yes,Yes,2023-05-11,B5,NW177_D10,NCBN001408-D10,NCBN001408,D10,D,10,e1100004654,NBC.LAB.12104,Taiwan 2023,Indo-Pacific,Taiwan,Central Indo-Pacific,South China Sea,Southern China,23.537448,119.545612,Tropical,Reef,5,2023-04-18,Fonggui,16S V4-V5,IDT10-515F-Y,IDT10-926R	,NW168,1,NW177,556,7.3244,D2
e1100004655,TWA035,Petrosia (Petrosia) aff. elephantotus,Petrosia Petrosia aff elephantotus,True sample,1,Yes,Yes,Yes,2023-05-11,B5,NW177_D11,NCBN001408-D11,NCBN001408,D11,D,11,e1100004655,NBC.LAB.12112,Taiwan 2023,Indo-Pacific,Taiwan,Central Indo-Pacific,South China Sea,Southern China,23.25597,119.510197,Tropical,Reef,13,2023-04-21,Dongyuping S,16S V4-V5,IDT10-515F-Y,IDT10-926R	,NW168,1,NW177,558,6.6829,D2
e1100004658,CEL723,Xestospongia testudinaria,Xestospongia testudinaria,True sample,1,Yes,,Yes,2022-08-08,B,NW177_E02,NCBN001408-E02,NCBN001408,E02,E,2,e1100004658,NBC.LAB.12041,Indonesia 2018,Indo-Pacific,Indonesia,Central Indo-Pacific,Western Coral Triangle,Sulawesi Sea/Makassar Strait,-5.125429,119.343667,Tropical,Reef,15.1,2018-04-28,Samalona,16S V4-V5,IDT10-515F-Y,IDT10-926R	,NW168,1,NW177,555,6.1521,D2
e1100004659,SUB041,Xestospongia muta,Xestospongia muta,True sample,1,Yes,,Yes,2022-08-05,B,NW177_E03,NCBN001408-E03,NCBN001408,E03,E,3,e1100004659,NBC.LAB.12049,Curacao 2018,Caribbean,Curacao,Tropical Atlantic,Tropical Northwestern Atlantic,Southern Caribbean,11.987125,-68.647428,Tropical,Submarine,104,2018-08-29,Klein Curacao,16S V4-V5,IDT10-515F-Y,IDT10-926R	,NW168,1,NW177,550,8.0311,D2
e1100004660,SUB129,Xestospongia muta,Xestospongia muta,True sample,1,Yes,Yes,Yes,2022-08-05,B,NW177_E04,NCBN001408-E04,NCBN001408,E04,E,4,e1100004660,NBC.LAB.12057,Curacao 2018,Caribbean,Curacao,Tropical Atlantic,Tropical Northwestern Atlantic,Southern Caribbean,,,Tropical,Reef,28,2018-11,Curacao,16S V4-V5,IDT10-515F-Y,IDT10-926R	,NW168,1,NW177,559,6.6856,D2
e1100004661,BDR002,Neopetrosia ovata,Neopetrosia ovata,True sample,1,Yes,Yes,Yes,2022-08-10,B,NW177_E05,NCBN001408-E05,NCBN001408,E05,E,5,e1100004661,NBC.LAB.12065,WUR,Caribbean,Bonaire,Tropical Atlantic,Tropical Northwestern Atlantic,Southern Caribbean,11.9821,-68.6452,Tropical,Submarine,149,2013-05-27,,16S V4-V5,IDT10-515F-Y,IDT10-926R	,NW168,1,NW177,556,17.9599,D2
e1100004662,SCR060,Xestospongia muta,Xestospongia muta,True sample,1,Yes,Yes,Yes,2022-08-10,B,NW177_E06,NCBN001408-E06,NCBN001408,E06,E,6,e1100004662,NBC.LAB.12073,WUR,Caribbean,Curacao,Tropical Atlantic,Tropical Northwestern Atlantic,Southern Caribbean,12.084556,-68.89825,Tropical,Reef,27,2015-11,Aquarium (XM14),16S V4-V5,IDT10-515F-Y,IDT10-926R	,NW168,1,NW177,555,20.632,D2
e1100004666,TWA023,Acanthostrongylophora ingens,Acanthostrongylophora ingens,True sample,1,Yes,Yes,Yes,2023-05-11,B5,NW177_E10,NCBN001408-E10,NCBN001408,E10,E,10,e1100004666,NBC.LAB.12105,Taiwan 2023,Indo-Pacific,Taiwan,Central Indo-Pacific,South China Sea,Southern China,23.537448,119.545612,Tropical,Reef,5,2023-04-18,Fonggui,16S V4-V5,IDT10-515F-Y,IDT10-926R	,NW168,1,NW177,555,21.2279,D2
e1100004667,TWA036,Petrosia (Petrosia) aff. elephantotus,Petrosia Petrosia aff elephantotus,True sample,1,Yes,Yes,Yes,2023-05-11,B5,NW177_E11,NCBN001408-E11,NCBN001408,E11,E,11,e1100004667,NBC.LAB.12113,Taiwan 2023,Indo-Pacific,Taiwan,Central Indo-Pacific,South China Sea,Southern China,23.25597,119.510197,Tropical,Reef,10,2023-04-21,Dongyuping S,16S V4-V5,IDT10-515F-Y,IDT10-926R	,NW168,1,NW177,554,14.0508,D2
e1100004670,CEL724,Xestospongia testudinaria,Xestospongia testudinaria,True sample,1,Yes,Yes,Yes,2022-08-08,B,NW177_F02,NCBN001408-F02,NCBN001408,F02,F,2,e1100004670,NBC.LAB.12042,Indonesia 2018,Indo-Pacific,Indonesia,Central Indo-Pacific,Western Coral Triangle,Sulawesi Sea/Makassar Strait,-5.125429,119.343667,Tropical,Reef,10.1,2018-04-28,Samalona,16S V4-V5,IDT10-515F-Y,IDT10-926R	,NW168,1,NW177,553,8.7734,D2
e1100004671,SUB053,Neopetrosia ovata,Neopetrosia ovata,True sample,1,Yes,Yes,Yes,2022-08-05,B,NW177_F03,NCBN001408-F03,NCBN001408,F03,F,3,e1100004671,NBC.LAB.12050,Curacao 2018,Caribbean,Curacao,Tropical Atlantic,Tropical Northwestern Atlantic,Southern Caribbean,11.987125,-68.647428,Tropical,Submarine,167,2018-08,Klein Curacao,16S V4-V5,IDT10-515F-Y,IDT10-926R	,NW168,1,NW177,554,31.3813,D2
e1100004672,SUB130,Xestospongia muta,Xestospongia muta,True sample,1,Yes,Yes,Yes,2022-08-05,B,NW177_F04,NCBN001408-F04,NCBN001408,F04,F,4,e1100004672,NBC.LAB.12058,Curacao 2018,Caribbean,Curacao,Tropical Atlantic,Tropical Northwestern Atlantic,Southern Caribbean,,,Tropical,Reef,28,2018-11,Curacao,16S V4-V5,IDT10-515F-Y,IDT10-926R	,NW168,1,NW177,556,13.9994,D2
e1100004673,BDR008,Neopetrosia eurystomata,Neopetrosia eurystomata,True sample,1,Yes,Yes,Yes,2022-08-10,B,NW177_F05,NCBN001408-F05,NCBN001408,F05,F,5,e1100004673,NBC.LAB.12066,WUR,Caribbean,Bonaire,Tropical Atlantic,Tropical Northwestern Atlantic,Southern Caribbean,12.1469,-68.2821,Tropical,Submarine,108,2013-05-30,,16S V4-V5,IDT10-515F-Y,IDT10-926R	,NW168,1,NW177,558,6.1215,D2
e1100004674,SCR063,Xestospongia muta,Xestospongia muta,True sample,1,Yes,Yes,Yes,2022-08-10,B,NW177_F06,NCBN001408-F06,NCBN001408,F06,F,6,e1100004674,NBC.LAB.12074,WUR,Caribbean,Curacao,Tropical Atlantic,Tropical Northwestern Atlantic,Southern Caribbean,12.084556,-68.89825,Tropical,Reef,27,2015-11,Aquarium (XM15),16S V4-V5,IDT10-515F-Y,IDT10-926R	,NW168,1,NW177,560,14.0268,D2
e1100004676,DOM044,Neopetrosia eurystomata,Neopetrosia eurystomata,True sample,1,,Yes,Yes,2022-08-10,B,NW177_F08,NCBN001408-F08,NCBN001408,F08,F,8,e1100004676,NBC.LAB.12090,Dominica 2016,Caribbean,Dominica,Tropical Atlantic,Tropical Northwestern Atlantic,Eastern Caribbean,15.423665,61.346533,Tropical,Submarine,144,2016-03-17,,16S V4-V5,IDT10-515F-Y,IDT10-926R	,NW168,1,NW177,570,6.383,D2
e1100004677,TWA015,Petrosia (Petrosia) aff. elephantotus,Petrosia Petrosia aff elephantotus,True sample,1,Yes,Yes,Yes,2023-05-11,B5,NW177_F09,NCBN001408-F09,NCBN001408,F09,F,9,e1100004677,NBC.LAB.12098,Taiwan 2023,Indo-Pacific,Taiwan,Central Indo-Pacific,South China Sea,Southern China,23.537448,119.545612,Tropical,Reef,5,2023-04-18,Fonggui,16S V4-V5,IDT10-515F-Y,IDT10-926R	,NW168,1,NW177,554,13.8018,D2
e1100004678,TWA025,Petrosia (Petrosia) aff. elephantotus,Petrosia Petrosia aff elephantotus,True sample,1,Yes,Yes,Yes,2023-05-11,B5,NW177_F10,NCBN001408-F10,NCBN001408,F10,F,10,e1100004678,NBC.LAB.12106,Taiwan 2023,Indo-Pacific,Taiwan,Central Indo-Pacific,South China Sea,Southern China,23.25597,119.510197,Tropical,Reef,8,2023-04-21,Dongyuping S,16S V4-V5,IDT10-515F-Y,IDT10-926R	,NW168,1,NW177,554,22.2181,D2
e1100004679,TWA050,Petrosia (Petrosia) aff. elephantotus,Petrosia Petrosia aff elephantotus,True sample,1,Yes,Yes,Yes,2023-05-11,B5,NW177_F11,NCBN001408-F11,NCBN001408,F11,F,11,e1100004679,NBC.LAB.12114,Taiwan 2023,Indo-Pacific,Taiwan,Central Indo-Pacific,South China Sea,Southern China,23.249406,119.614231,Tropical,Reef,8,2023-04-21,Sijiyu S,16S V4-V5,IDT10-515F-Y,IDT10-926R	,NW168,1,NW177,554,16.6284,D2
e1100004681,CEL442,Petrosia (Petrosia) lignosa,Petrosia Petrosia lignosa,True sample,1,,Yes,Yes,2022-08-08,B,NW177_G01,NCBN001408-G01,NCBN001408,G01,G,1,e1100004681,NBC.LAB.12035,Indonesia 2018,Indo-Pacific,Indonesia,Central Indo-Pacific,Western Coral Triangle,Sulawesi Sea/Makassar Strait,-4.709053,118.964616,Tropical,Reef,,2018-05-08,Kapoposang,16S V4-V5,IDT10-515F-Y,IDT10-926R	,NW168,1,NW177,567,12.1146,D2
e1100004683,SUB059,Xestospongia muta,Xestospongia muta,True sample,1,Yes,,Yes,2022-08-05,B,NW177_G03,NCBN001408-G03,NCBN001408,G03,G,3,e1100004683,NBC.LAB.12051,Curacao 2018,Caribbean,Curacao,Tropical Atlantic,Tropical Northwestern Atlantic,Southern Caribbean,11.987125,-68.647428,Tropical,Reef,15,2018-08,Klein Curacao,16S V4-V5,IDT10-515F-Y,IDT10-926R	,NW168,1,NW177,551,7.926,D2
e1100004685,BDR013,Neopetrosia eurystomata,Neopetrosia eurystomata,True sample,1,,Yes,Yes,2022-08-10,B,NW177_G05,NCBN001408-G05,NCBN001408,G05,G,5,e1100004685,NBC.LAB.12067,WUR,Caribbean,Bonaire,Tropical Atlantic,Tropical Northwestern Atlantic,Southern Caribbean,12.1469,-68.2821,Tropical,Submarine,111,2013-05-30,,16S V4-V5,IDT10-515F-Y,IDT10-926R	,NW168,1,NW177,558,32.2092,D2
e1100004688,DOM049,Xestospongia muta,Xestospongia muta,True sample,1,Yes,Yes,Yes,2022-08-10,B,NW177_G08,NCBN001408-G08,NCBN001408,G08,G,8,t,NBC.LAB.12091,Dominica 2016,Caribbean,Dominica,Tropical Atlantic,Tropical Northwestern Atlantic,Eastern Caribbean,15.423665,61.346533,Tropical,Submarine,140,2016-03-17,,16S V4-V5,IDT10-515F-Y,IDT10-926R	,NW168,1,NW177,559,10.9826,D2
e1100004689,TWA016,Xestospongia testudinaria,Xestospongia testudinaria,True sample,1,Yes,Yes,Yes,2023-05-11,B5,NW177_G09,NCBN001408-G09,NCBN001408,G09,G,9,e1100004689,NBC.LAB.12099,Taiwan 2023,Indo-Pacific,Taiwan,Central Indo-Pacific,South China Sea,Southern China,23.537448,119.545612,Tropical,Reef,5,2023-04-18,Fonggui,16S V4-V5,IDT10-515F-Y,IDT10-926R	,NW168,1,NW177,553,4.3664,D2
e1100004690,TWA027,Petrosia (Petrosia) aff. elephantotus,Petrosia Petrosia aff elephantotus,True sample,1,Yes,Yes,Yes,2023-05-11,B5,NW177_G10,NCBN001408-G10,NCBN001408,G10,G,10,e1100004690,NBC.LAB.12107,Taiwan 2023,Indo-Pacific,Taiwan,Central Indo-Pacific,South China Sea,Southern China,23.25597,119.510197,Tropical,Reef,10,2023-04-21,Dongyuping S,16S V4-V5,IDT10-515F-Y,IDT10-926R	,NW168,1,NW177,550,19.2855,D2
e1100004691,TWA051,Acanthostrongylophora ingens,Acanthostrongylophora ingens,True sample,1,Yes,Yes,Yes,2023-05-11,B5,NW177_G11,NCBN001408-G11,NCBN001408,G11,G,11,e1100004691,NBC.LAB.12115,Taiwan 2023,Indo-Pacific,Taiwan,Central Indo-Pacific,South China Sea,Southern China,23.249406,119.614231,Tropical,Reef,7,2023-04-21,Sijiyu S,16S V4-V5,IDT10-515F-Y,IDT10-926R	,NW168,1,NW177,565,3.0659,D2
e1100004693,CEL448,Petrosia (Petrosia) lignosa,Petrosia Petrosia lignosa,True sample,1,,Yes,Yes,2022-08-08,B,NW177_H01,NCBN001408-H01,NCBN001408,H01,H,1,e1100004693,NBC.LAB.12036,Indonesia 2018,Indo-Pacific,Indonesia,Central Indo-Pacific,Western Coral Triangle,Sulawesi Sea/Makassar Strait,-4.709053,118.964616,Tropical,Reef,,2018-05-09,Kapoposang,16S V4-V5,IDT10-515F-Y,IDT10-926R	,NW168,1,NW177,544,10.1602,D2
e1100004695,SUB069,Xestospongia muta,Xestospongia muta,True sample,1,Yes,Yes,Yes,2022-08-05,B,NW177_H03,NCBN001408-H03,NCBN001408,H03,H,3,e1100004695,NBC.LAB.12052,Curacao 2018,Caribbean,Curacao,Tropical Atlantic,Tropical Northwestern Atlantic,Southern Caribbean,11.987125,-68.647428,Tropical,Reef,13,2018-08,Klein Curacao,16S V4-V5,IDT10-515F-Y,IDT10-926R	,NW168,1,NW177,553,8.1331,D2
e1100004697,BDR037,Neopetrosia eurystomata,Neopetrosia eurystomata,True sample,1,Yes,Yes,Yes,2022-08-10,B,NW177_H05,NCBN001408-H05,NCBN001408,H05,H,5,e1100004697,NBC.LAB.12068,WUR,Caribbean,Bonaire,Tropical Atlantic,Tropical Northwestern Atlantic,Southern Caribbean,12.137,-68.286,Tropical,Submarine,88,2013-05-31,,16S V4-V5,IDT10-515F-Y,IDT10-926R	,NW168,1,NW177,557,28.4557,D2
e1100004701,TWA017,Xestospongia testudinaria,Xestospongia testudinaria,True sample,1,Yes,Yes,Yes,2023-05-11,B5,NW177_H09,NCBN001408-H09,NCBN001408,H09,H,9,e1100004701,NBC.LAB.12100,Taiwan 2023,Indo-Pacific,Taiwan,Central Indo-Pacific,South China Sea,Southern China,23.537448,119.545612,Tropical,Reef,5,2023-04-18,Fonggui,16S V4-V5,IDT10-515F-Y,IDT10-926R	,NW168,1,NW177,558,4.9862,D2
e1100004702,TWA030,Xestospongia vansoesti,Xestospongia vansoesti,True sample,1,Yes,Yes,Yes,2023-05-11,B5,NW177_H10,NCBN001408-H10,NCBN001408,H10,H,10,e1100004702,NBC.LAB.12108,Taiwan 2023,Indo-Pacific,Taiwan,Central Indo-Pacific,South China Sea,Southern China,23.25597,119.510197,Tropical,Reef,10,2023-04-21,Dongyuping S,16S V4-V5,IDT10-515F-Y,IDT10-926R	,NW171,50,NW177,556,25.5474,D2
e1100004703,TWA061,Xestospongia testudinaria,Xestospongia testudinaria,True sample,1,Yes,Yes,Yes,2023-05-11,B5,NW177_H11,NCBN001408-H11,NCBN001408,H11,H,11,e1100004703,NBC.LAB.12116,Taiwan 2023,Indo-Pacific,Taiwan,Central Indo-Pacific,South China Sea,Southern China,23.490136,119.52473,Tropical,Reef,,2023-04-23,HuJing SB,16S V4-V5,IDT10-515F-Y,IDT10-926R	,NW168,1,NW177,555,21.3814,D2
e1100034946,MDB399,Neopetrosia carbonaria,Neopetrosia carbonaria,True sample,1,Yes,Yes,Yes,2023-04-18,B5,NW178_A02,NCBN001662-A02,NCBN001662,A02,A,2,e1100034946,NBC.LAB.12132,Martinique 2016,Caribbean,Martinique,Tropical Atlantic,Tropical Northwestern Atlantic,Eastern Caribbean,14.7577,-60.8809,Tropical,Reef,2,2016-09-22,,16S V4-V5,IDT10-515F-Y,IDT10-926R	,NW169,1,NW178,571,0.8495,D4
e1100034947,CAO573,Neopetrosia eurystomata,Neopetrosia eurystomata,True sample,1,Yes,Yes,Yes,2023-04-18,B5,NW178_A03,NCBN001662-A03,NCBN001662,A03,A,3,e1100034947,NBC.LAB.12140,Curacao 2023,Caribbean,Curacao,Tropical Atlantic,Tropical Northwestern Atlantic,Southern Caribbean,12.083194,-68.897278,Tropical,Submarine,102,2023-03-30,Aquarium,16S V4-V5,IDT10-515F-Y,IDT10-926R	,NW169,1,NW178,553,24.0803,D4
e1100034958,SUB001,Xestospongia muta,Xestospongia muta,True sample,1,Yes,Yes,Yes,2023-04-18,B5,NW178_B02,NCBN001662-B02,NCBN001662,B02,B,2,e1100034958,NBC.LAB.12133,Curacao 2018,Caribbean,Curacao,Tropical Atlantic,Tropical Northwestern Atlantic,Southern Caribbean,11.987125,-68.647428,Tropical,Submarine,144,2018-08,Klein Curacao,16S V4-V5,IDT10-515F-Y,IDT10-926R	,NW169,1,NW178,553,13.2519,D4
e1100034959,CAO576,Neopetrosia ovata,Neopetrosia ovata,True sample,1,Yes,Yes,Yes,2023-04-18,B5,NW178_B03,NCBN001662-B03,NCBN001662,B03,B,3,e1100034959,NBC.LAB.12141,Curacao 2023,Caribbean,Curacao,Tropical Atlantic,Tropical Northwestern Atlantic,Southern Caribbean,12.083194,-68.897278,Tropical,Submarine,188,2023-03-30,Aquarium,16S V4-V5,IDT10-515F-Y,IDT10-926R	,NW169,1,NW178,553,27.7127,D4
e1100034970,SUB002,Neopetrosia ovata,Neopetrosia ovata,True sample,1,Yes,Yes,Yes,2023-04-18,B5,NW178_C02,NCBN001662-C02,NCBN001662,C02,C,2,e1100034970,NBC.LAB.12134,Curacao 2018,Caribbean,Curacao,Tropical Atlantic,Tropical Northwestern Atlantic,Southern Caribbean,11.987125,-68.647428,Tropical,Submarine,165,2018-08,Klein Curacao,16S V4-V5,IDT10-515F-Y,IDT10-926R	,NW169,1,NW178,553,16.9002,D4
e1100034971,CAO577,Neopetrosia ovata,Neopetrosia ovata,True sample,1,Yes,Yes,Yes,2023-04-18,B5,NW178_C03,NCBN001662-C03,NCBN001662,C03,C,3,e1100034971,NBC.LAB.12142,Curacao 2023,Caribbean,Curacao,Tropical Atlantic,Tropical Northwestern Atlantic,Southern Caribbean,12.083194,-68.897278,Tropical,Submarine,189,2023-03-30,Aquarium,16S V4-V5,IDT10-515F-Y,IDT10-926R	,NW169,1,NW178,554,20.3201,D4
e1100034983,CAO578,Neopetrosia eurystomata,Neopetrosia eurystomata,True sample,1,Yes,Yes,Yes,2023-04-18,B5,NW178_D03,NCBN001662-D03,NCBN001662,D03,D,3,e1100034983,NBC.LAB.12143,Curacao 2023,Caribbean,Curacao,Tropical Atlantic,Tropical Northwestern Atlantic,Southern Caribbean,12.083194,-68.897278,Tropical,Submarine,104,2023-03-30,Aquarium,16S V4-V5,IDT10-515F-Y,IDT10-926R	,NW169,1,NW178,555,6.8752,D4
e1100034988,CEL165,Xestospongia vansoesti,Xestospongia vansoesti,True sample,1,,,Yes,2023-06-05,B8,NW178_D08,NCBN001662-D08,NCBN001662,D08,D,8,e1100034988,NBC.LAB.12183,Indonesia 2018,Indo-Pacific,Indonesia,Central Indo-Pacific,Western Coral Triangle,Sulawesi Sea/Makassar Strait,-5.054696,119.426469,Tropical,Reef,6,2018-04-29,BarangBaringan,16S V4-V5,IDT10-515F-Y,IDT10-926R	,NW174,10,NW178,549,45.1063,D4
e1100034995,CAO589,Petrosia (Petrosia) nova spec Curacao,Petrosia Petrosia nova spec Curacao,True sample,1,Yes,Yes,Yes,2023-04-18,B5,NW178_E03,NCBN001662-E03,NCBN001662,E03,E,3,e1100034995,NBC.LAB.12144,Curacao 2023,Caribbean,Curacao,Tropical Atlantic,Tropical Northwestern Atlantic,Southern Caribbean,12.083194,-68.897278,Tropical,Submarine,151,2023-03-30,Aquarium,16S V4-V5,IDT10-515F-Y,IDT10-926R	,NW169,1,NW178,557,28.1825,D4
e1100035000,CEL167,Xestospongia vansoesti,Xestospongia vansoesti,True sample,1,,,Yes,2023-06-05,B8,NW178_E08,NCBN001662-E08,NCBN001662,E08,E,8,e1100035000,NBC.LAB.12184,Indonesia 2018,Indo-Pacific,Indonesia,Central Indo-Pacific,Western Coral Triangle,Sulawesi Sea/Makassar Strait,-5.054696,119.426469,Tropical,Reef,6,2018-04-29,BarangBaringan,16S V4-V5,IDT10-515F-Y,IDT10-926R	,NW173,1,NW178,558,51.7654,D4
e1100035006,SUB042,Xestospongia muta,Xestospongia muta,True sample,1,Yes,Yes,Yes,2023-04-18,B5,NW178_F02,NCBN001662-F02,NCBN001662,F02,F,2,e1100035006,NBC.LAB.12137,Curacao 2018,Caribbean,Curacao,Tropical Atlantic,Tropical Northwestern Atlantic,Southern Caribbean,11.987125,-68.647428,Tropical,Submarine,85,2018-08-29,Klein Curacao,16S V4-V5,IDT10-515F-Y,IDT10-926R	,NW169,1,NW178,549,7.6867,D4
e1100035007,CAO595,Petrosia (Petrosia) nova spec Curacao,Petrosia Petrosia nova spec Curacao,True sample,1,Yes,Yes,Yes,2023-04-18,B5,NW178_F03,NCBN001662-F03,NCBN001662,F03,F,3,e1100035007,NBC.LAB.12145,Curacao 2023,Caribbean,Curacao,Tropical Atlantic,Tropical Northwestern Atlantic,Southern Caribbean,12.083194,-68.897278,Tropical,Submarine,,2023-03-30,Aquarium,16S V4-V5,IDT10-515F-Y,IDT10-926R	,NW169,1,NW178,555,25.3968,D4
e1100035012,CEL170,Xestospongia vansoesti,Xestospongia vansoesti,True sample,1,,,Yes,2023-06-05,B8,NW178_F08,NCBN001662-F08,NCBN001662,F08,F,8,e1100035012,NBC.LAB.12185,Indonesia 2018,Indo-Pacific,Indonesia,Central Indo-Pacific,Western Coral Triangle,Sulawesi Sea/Makassar Strait,-5.054696,119.426469,Tropical,Reef,6,2018-04-29,BarangBaringan,16S V4-V5,IDT10-515F-Y,IDT10-926R	,NW173,1,NW178,550,55.8839,D4